SourcePopulation;DestinationPopulation;MigrationAmount;Generation;ST_1-amount,ST_2-amount...
0;2;5;11;1-5,
0;2;9;17;1-9,
1;2;9;26;1-9,
1;0;4;36;1-4,
1;0;5;37;1-5,
1;2;11;39;1-11,
1;0;3;40;1-3,
0;2;7;45;1-7,
1;2;14;45;1-14,
2;1;15;47;1-15,
1;0;3;53;1-3,
1;0;10;55;1-10,
1;2;15;59;1-15,
0;2;5;62;1-5,
2;1;6;67;1-6,
0;2;1;73;1-1,
1;2;7;75;1-7,
0;2;7;78;1-7,
1;2;7;79;1-7,
2;1;13;80;1-13,
0;2;2;91;1-2,
1;2;12;94;1-12,
1;2;9;101;1-9,
1;2;9;103;1-9,
1;0;5;110;1-5,
1;2;12;110;1-12,
1;0;3;112;1-3,
1;2;10;124;1-10,
2;1;8;132;1-8,
2;1;4;135;1-4,
0;2;5;153;1-5,
0;2;5;159;1-5,
0;2;11;160;1-11,
2;1;7;163;1-7,
1;2;10;185;1-10,
1;2;4;187;1-4,
1;0;8;196;1-8,
1;2;8;198;1-8,
1;0;5;200;1-5,
1;2;12;202;1-12,
1;2;17;204;1-17,
0;2;6;208;1-6,
2;1;13;210;1-13,
1;0;5;215;1-5,
0;2;3;216;1-3,
1;0;4;218;1-4,
0;2;6;234;1-6,
2;1;12;235;1-12,
0;2;5;257;1-5,
0;2;10;270;1-10,
1;2;9;271;1-9,
2;1;10;271;1-10,
2;1;14;287;1-14,
1;0;5;290;1-5,
0;2;4;294;1-4,
1;0;5;294;1-5,
0;2;4;302;1-4,
0;2;8;312;1-8,
1;0;5;316;1-5,
0;2;9;320;1-9,
1;2;5;326;1-5,
1;2;13;329;1-13,
0;2;3;349;1-3,
0;2;5;353;1-5,
0;2;5;356;1-5,
1;2;11;357;1-11,
1;0;5;361;1-5,
1;0;4;365;1-4,
2;1;9;370;1-9,
1;2;6;378;1-6,
0;2;4;387;1-4,
1;2;8;397;1-8,
2;1;13;399;1-13,
0;2;3;406;1-3,
1;0;5;406;1-5,
1;2;13;411;1-13,
2;1;11;420;1-11,
2;1;14;426;1-14,
0;2;1;428;1-1,
2;1;10;429;1-10,
0;2;5;439;1-5,
1;2;7;453;1-7,
1;2;5;457;1-5,
0;2;5;461;1-5,
1;0;10;466;1-10,
2;1;13;469;1-13,
0;2;11;475;1-11,
1;2;3;479;1-3,
1;0;3;483;1-3,
0;2;6;488;1-6,
1;2;8;488;1-8,
1;2;10;493;1-10,
2;1;12;494;1-12,
1;0;5;495;1-5,
0;2;8;499;1-8,
2;1;6;499;1-6,
2;1;6;503;1-6,
2;1;10;509;1-10,
1;0;7;517;1-7,
1;2;8;518;1-8,
0;2;8;521;1-8,
2;1;10;522;1-10,
2;1;13;526;1-13,
1;0;3;535;1-3,
1;2;9;539;1-9,
0;2;5;542;1-5,
0;2;7;544;1-7,
2;1;11;571;1-11,
0;2;4;580;1-4,
1;2;9;580;1-9,
2;1;9;580;1-9,
1;2;9;584;1-9,
0;2;7;586;1-7,
1;0;10;590;1-10,
0;2;5;593;1-5,
1;0;5;594;1-5,
1;0;8;599;1-8,
2;1;4;600;1-4,
1;0;4;609;1-4,
1;2;11;618;1-11,
0;2;2;632;1-2,
1;2;9;638;1-9,
1;0;8;654;1-8,
0;2;4;659;1-4,
1;0;5;660;1-5,
1;2;7;662;1-7,
1;0;3;670;1-3,
1;0;6;671;1-6,
1;2;19;671;1-19,
1;0;3;684;1-3,
1;0;5;685;1-5,
1;2;10;687;1-10,
1;2;6;690;1-6,
0;2;6;694;1-6,
1;2;4;708;1-4,
1;2;9;711;1-9,
1;0;5;712;1-5,
1;2;10;714;1-10,
0;2;4;734;1-4,
1;2;8;738;1-8,
1;0;3;756;1-3,
1;0;9;757;1-9,
1;0;4;758;1-4,
0;2;3;762;1-3,
0;2;8;763;1-8,
2;1;7;769;1-7,
2;1;17;783;1-17,
2;1;10;784;1-10,
2;1;7;794;1-7,
2;1;13;805;1-13,
1;2;14;807;1-14,
1;2;11;808;1-11,
2;1;14;817;1-14,
0;2;5;832;1-5,
0;2;9;838;1-9,
2;1;7;843;1-7,
1;0;3;846;1-3,
2;1;7;846;1-7,
1;0;6;849;1-6,
1;2;9;853;1-9,
1;2;9;854;1-9,
1;2;10;860;1-10,
1;0;7;861;1-7,
0;2;5;869;1-5,
1;0;4;870;1-4,
1;2;11;871;1-11,
2;1;10;880;1-10,
2;1;8;881;1-8,
1;0;4;883;1-4,
2;1;7;888;1-7,
2;1;6;892;1-6,
0;2;3;900;1-3,
1;2;8;902;1-8,
1;0;3;910;1-3,
2;1;16;913;1-16,
0;2;3;918;1-3,
2;1;9;922;1-9,
1;2;10;923;1-10,
0;2;4;934;1-4,
0;2;5;936;1-5,
2;1;10;937;1-10,
0;2;7;954;1-7,
1;0;5;966;1-5,
1;2;15;971;1-15,
1;0;1;974;1-1,
1;2;12;983;1-12,
1;2;11;997;1-11,
0;2;5;1013;1-5,
0;2;4;1015;1-4,
1;2;10;1015;1-10,
0;2;8;1025;1-8,
1;2;10;1028;1-10,
0;2;2;1047;1-2,
0;2;6;1049;1-6,
1;2;14;1055;1-14,
0;2;5;1068;1-5,
2;1;10;1080;1-10,
0;2;6;1096;1-6,
2;1;13;1103;1-13,
1;2;5;1104;1-5,
0;2;7;1106;1-7,
2;1;11;1106;1-11,
1;0;2;1110;1-2,
0;2;6;1112;1-6,
0;2;5;1115;1-5,
2;1;13;1116;1-13,
0;2;2;1117;1-2,
2;1;7;1119;1-7,
0;2;4;1124;1-4,
2;1;13;1134;1-13,
0;2;3;1136;1-3,
2;1;9;1140;1-9,
1;0;3;1142;1-3,
2;1;19;1155;1-19,
0;2;5;1163;1-5,
2;1;4;1164;1-4,
2;1;17;1165;1-17,
0;2;4;1180;1-4,
2;1;8;1182;1-8,
2;1;11;1187;1-11,
0;2;7;1190;1-7,
0;2;4;1194;1-4,
1;0;4;1203;1-4,
2;1;12;1204;1-12,
1;2;7;1210;1-7,
1;2;14;1213;1-14,
1;2;5;1219;1-5,
2;1;14;1219;1-14,
0;2;2;1221;1-2,
2;1;14;1221;1-14,
0;2;3;1224;1-3,
1;0;7;1225;1-7,
0;2;5;1226;1-5,
1;0;4;1226;1-4,
1;0;2;1232;1-2,
1;2;11;1239;1-11,
0;2;5;1240;1-5,
2;1;11;1243;1-11,
1;2;9;1246;1-9,
2;1;10;1252;1-10,
2;1;7;1254;1-7,
1;2;8;1255;1-8,
0;2;4;1268;1-4,
1;2;15;1278;1-15,
1;2;7;1283;1-7,
0;2;4;1285;1-4,
1;0;7;1301;1-7,
0;2;3;1317;1-3,
1;2;10;1319;1-10,
1;2;10;1321;1-10,
0;2;4;1338;1-4,
2;1;12;1344;1-12,
1;0;7;1348;1-7,
1;2;8;1349;1-8,
0;2;5;1359;1-5,
1;2;10;1362;1-10,
0;2;8;1365;1-8,
1;2;10;1366;1-10,
1;2;8;1372;1-8,
0;2;7;1374;1-7,
1;0;6;1376;1-6,
2;1;8;1388;1-8,
1;2;10;1396;1-10,
1;2;12;1408;1-12,
1;2;10;1419;1-10,
0;2;4;1431;1-4,
0;2;3;1445;1-3,
1;2;11;1454;1-11,
1;2;10;1463;1-10,
2;1;15;1466;1-15,
0;2;8;1471;1-8,
1;0;3;1483;1-3,
0;2;3;1486;1-3,
0;2;3;1500;1-3,
1;0;6;1500;1-6,
1;0;2;1509;1-2,
1;2;12;1514;1-12,
1;2;14;1519;1-14,
0;2;4;1522;1-4,
0;2;9;1526;1-9,
1;0;4;1529;1-4,
2;1;8;1533;1-8,
2;1;13;1538;1-13,
1;0;3;1542;1-3,
2;1;7;1545;1-7,
1;0;3;1546;1-3,
0;2;9;1549;1-9,
1;2;7;1551;1-7,
1;0;3;1555;1-3,
1;0;2;1557;1-2,
2;1;13;1560;1-13,
0;2;4;1577;1-4,
1;0;2;1577;1-2,
2;1;9;1598;1-9,
1;0;5;1599;1-5,
1;0;8;1602;1-8,
2;1;9;1610;1-9,
1;0;4;1617;1-4,
0;2;6;1620;1-6,
1;0;7;1625;1-7,
1;2;12;1633;1-12,
2;1;9;1635;1-9,
1;0;4;1639;1-4,
0;2;2;1641;1-2,
2;1;15;1647;1-15,
1;0;2;1654;1-2,
0;2;4;1656;1-4,
1;0;5;1656;1-5,
1;2;11;1656;1-11,
2;1;9;1656;1-9,
1;2;11;1657;1-11,
2;1;15;1659;1-15,
1;0;5;1660;1-5,
1;2;11;1660;1-11,
1;2;11;1662;1-11,
0;2;4;1663;1-4,
2;1;12;1676;1-12,
1;2;3;1679;1-3,
0;2;5;1680;1-5,
1;2;9;1694;1-9,
2;1;9;1698;1-9,
2;1;7;1706;1-7,
1;0;6;1709;1-6,
1;2;9;1720;1-9,
2;1;13;1720;1-13,
1;0;7;1722;1-7,
1;2;12;1727;1-12,
1;2;13;1734;1-13,
2;1;16;1755;1-16,
2;1;9;1760;1-9,
1;0;5;1762;1-5,
0;2;12;1765;1-12,
1;0;7;1768;1-7,
1;2;5;1789;1-5,
0;2;8;1792;1-8,
0;2;2;1813;1-2,
1;2;14;1817;1-14,
2;1;5;1820;1-5,
1;0;3;1859;1-3,
0;2;3;1861;1-3,
1;2;13;1873;1-13,
1;0;4;1882;1-4,
1;0;1;1883;1-1,
2;1;11;1884;1-11,
2;1;10;1902;1-10,
1;2;10;1910;1-10,
1;0;4;1912;1-4,
1;0;4;1913;1-4,
1;2;8;1928;1-8,
1;0;8;1930;1-8,
0;2;6;1931;1-6,
2;1;6;1932;1-6,
0;2;6;1940;1-6,
0;2;6;1946;1-6,
1;0;3;1950;1-3,
2;1;12;1951;1-12,
2;1;8;1953;1-8,
1;2;10;1957;1-10,
1;2;17;1958;1-17,
1;0;5;1963;1-5,
0;2;5;1966;1-5,
2;1;14;1966;1-14,
0;2;8;1967;1-8,
1;2;18;1973;1-18,
0;2;4;1974;1-4,
0;2;3;1975;1-3,
2;1;13;1977;1-13,
2;1;11;2004;1-11,
0;2;5;2005;1-5,
1;2;6;2007;1-6,
1;0;6;2014;1-6,
0;2;4;2016;1-4,
1;2;6;2016;1-6,
1;0;11;2025;1-11,
1;2;7;2028;1-7,
2;1;6;2029;1-6,
2;1;12;2034;1-12,
2;1;9;2056;1-9,
2;1;9;2063;1-9,
1;2;10;2070;1-10,
1;0;2;2078;1-2,
1;2;8;2079;1-8,
0;2;4;2082;1-4,
0;2;3;2084;1-3,
1;2;7;2089;1-7,
0;2;6;2092;1-6,
1;0;5;2092;1-5,
1;0;9;2096;1-9,
2;1;8;2101;1-8,
2;1;13;2103;1-13,
2;1;9;2110;1-9,
2;1;9;2115;1-9,
1;0;5;2117;1-5,
1;0;6;2125;1-6,
1;2;7;2136;1-7,
1;2;6;2138;1-6,
0;2;6;2142;1-6,
2;1;8;2147;1-8,
1;0;5;2148;1-5,
0;2;11;2151;1-11,
1;2;9;2155;1-9,
1;2;12;2157;1-12,
0;2;6;2162;1-6,
1;0;3;2165;1-3,
1;2;10;2170;1-10,
0;2;5;2171;1-5,
1;2;11;2171;1-11,
0;2;3;2179;1-3,
1;0;5;2187;1-5,
1;0;5;2191;1-5,
0;2;5;2198;1-5,
1;0;9;2204;1-9,
1;0;5;2212;1-5,
2;1;8;2217;1-8,
0;2;5;2218;1-5,
1;0;4;2226;1-4,
0;2;2;2231;1-2,
0;2;5;2240;1-5,
0;2;5;2241;1-5,
1;2;9;2241;1-9,
2;1;15;2247;1-15,
0;2;6;2248;1-6,
1;0;5;2248;1-5,
1;0;6;2266;1-6,
1;2;10;2267;1-10,
0;2;5;2269;1-5,
1;2;8;2287;1-8,
1;2;9;2289;1-9,
0;2;5;2293;1-5,
1;0;7;2303;1-7,
0;2;2;2308;1-2,
1;2;7;2309;1-7,
2;1;8;2311;1-8,
1;2;9;2325;1-9,
1;2;11;2326;1-11,
1;0;5;2328;1-5,
0;2;4;2331;1-4,
2;1;8;2331;1-8,
1;0;5;2337;1-5,
1;2;7;2341;1-7,
1;2;13;2350;1-13,
2;1;10;2354;1-10,
1;2;9;2358;1-9,
2;1;10;2360;1-10,
2;1;12;2376;1-12,
1;2;8;2378;1-8,
1;0;4;2379;1-4,
1;0;9;2385;1-9,
2;1;10;2385;1-10,
2;1;11;2394;1-11,
1;2;9;2406;1-9,
2;1;10;2407;1-10,
2;1;12;2412;1-12,
1;0;3;2421;1-3,
1;0;4;2422;1-4,
1;2;12;2430;1-12,
0;2;3;2448;1-3,
1;2;16;2453;1-16,
1;0;8;2461;1-8,
1;2;15;2465;1-15,
1;0;8;2466;1-8,
1;2;10;2467;1-10,
0;2;5;2471;1-5,
0;2;6;2475;1-6,
0;2;9;2486;1-9,
1;2;8;2486;1-8,
1;0;6;2492;1-6,
1;0;5;2494;1-5,
1;0;3;2495;1-3,
2;1;11;2496;1-11,
2;1;9;2499;1-9,
0;2;4;2507;1-4,
2;1;8;2513;1-8,
0;2;5;2525;1-5,
2;1;10;2528;1-10,
0;2;5;2530;1-5,
1;0;4;2548;1-4,
1;2;15;2548;1-15,
2;1;17;2551;1-17,
0;2;9;2552;1-9,
2;1;15;2554;1-15,
0;2;3;2563;1-3,
0;2;6;2580;1-6,
2;1;9;2582;1-9,
1;2;14;2586;1-14,
1;0;8;2588;1-8,
1;2;14;2589;1-14,
1;0;1;2594;1-1,
1;0;9;2597;1-9,
1;0;4;2599;1-4,
2;1;11;2607;1-11,
0;2;1;2608;1-1,
1;0;8;2613;1-8,
2;1;11;2623;1-11,
0;2;2;2625;1-2,
0;2;8;2626;1-8,
1;2;15;2629;1-15,
1;2;9;2633;1-9,
0;2;4;2644;1-4,
2;1;13;2652;1-13,
1;2;8;2657;1-8,
2;1;9;2664;1-9,
0;2;2;2667;1-2,
1;2;9;2669;1-9,
1;2;12;2675;1-12,
1;0;6;2686;1-6,
1;2;7;2696;1-7,
2;1;12;2712;1-12,
2;1;6;2721;1-6,
1;2;13;2728;1-13,
1;2;9;2734;1-9,
0;2;5;2745;1-5,
0;2;1;2755;1-1,
1;0;3;2769;1-3,
1;2;8;2787;1-8,
1;0;2;2803;1-2,
1;2;12;2813;1-12,
1;2;14;2817;1-14,
2;1;7;2828;1-7,
1;0;7;2842;1-7,
1;0;7;2853;1-7,
0;2;1;2861;1-1,
1;2;10;2863;1-10,
1;0;2;2866;1-2,
0;2;4;2875;1-4,
2;1;7;2880;1-7,
1;2;9;2889;1-9,
2;1;11;2892;1-11,
2;1;10;2899;1-10,
0;2;5;2902;1-5,
0;2;10;2903;1-10,
2;1;10;2908;1-10,
0;2;4;2910;1-4,
1;2;3;2923;1-3,
0;2;4;2934;1-4,
1;2;6;2938;1-6,
0;2;7;2953;1-7,
2;1;9;2968;1-9,
2;1;7;2973;1-7,
1;0;6;2974;1-6,
2;1;15;2980;1-15,
1;0;6;2986;1-6,
0;2;3;2993;1-3,
1;0;5;2996;1-5,
1;0;2;3004;1-2,
0;2;4;3007;1-4,
0;2;3;3011;1-3,
0;2;8;3012;1-8,
0;2;8;3019;1-8,
0;2;7;3036;1-7,
2;1;13;3036;1-13,
2;1;9;3046;1-9,
1;0;2;3052;1-2,
2;1;11;3057;1-11,
1;2;7;3061;1-7,
1;0;3;3066;1-3,
0;2;7;3068;1-7,
1;0;10;3073;1-10,
1;0;4;3077;1-4,
2;1;14;3077;1-14,
0;2;8;3085;1-8,
2;1;12;3087;1-12,
0;2;2;3093;1-2,
1;2;9;3096;1-9,
2;1;13;3115;1-13,
2;1;10;3116;1-10,
1;0;4;3121;1-4,
0;2;3;3125;1-3,
0;2;7;3126;1-7,
1;2;4;3137;1-4,
1;0;6;3140;1-6,
0;2;2;3144;1-2,
0;2;3;3146;1-3,
0;2;4;3153;1-4,
1;2;15;3158;1-15,
2;1;9;3160;1-9,
0;2;4;3168;1-4,
1;0;2;3173;1-2,
1;0;6;3175;1-6,
2;1;13;3180;1-13,
0;2;9;3185;1-9,
1;0;7;3189;1-7,
1;2;6;3193;1-6,
1;0;4;3194;1-4,
2;1;8;3194;1-8,
0;2;3;3211;1-3,
1;0;4;3212;1-4,
1;2;6;3254;1-6,
1;0;4;3268;1-4,
2;1;10;3276;1-10,
1;2;8;3280;1-8,
1;2;10;3288;1-10,
0;2;7;3294;1-7,
0;2;5;3296;1-5,
0;2;7;3305;1-7,
1;0;6;3306;1-6,
1;2;14;3307;1-14,
2;1;7;3307;1-7,
1;0;5;3319;1-5,
2;1;10;3319;1-10,
2;1;7;3322;1-7,
1;2;11;3324;1-11,
2;1;4;3324;1-4,
0;2;6;3338;1-6,
1;0;10;3340;1-10,
1;0;5;3342;1-5,
2;1;12;3348;1-12,
1;2;11;3358;1-11,
1;0;2;3360;1-2,
0;2;5;3361;1-5,
1;0;7;3366;1-7,
1;2;19;3366;1-19,
2;1;13;3370;1-13,
2;1;13;3372;1-13,
2;1;8;3379;1-8,
0;2;6;3386;1-6,
2;1;12;3401;1-12,
0;2;7;3406;1-7,
1;0;3;3408;1-3,
2;1;11;3410;1-11,
1;0;6;3412;1-6,
0;2;5;3417;1-5,
1;0;2;3428;1-2,
1;2;10;3435;1-10,
1;2;10;3440;1-10,
1;0;6;3441;1-6,
1;0;1;3442;1-1,
1;2;8;3447;1-8,
2;1;9;3447;1-9,
2;1;10;3452;1-10,
2;1;15;3453;1-15,
0;2;6;3460;1-6,
1;2;9;3460;1-9,
1;0;2;3476;1-2,
2;1;13;3480;1-13,
0;2;4;3487;1-4,
2;1;11;3507;1-11,
2;1;8;3515;1-8,
2;1;12;3517;1-12,
0;2;5;3527;1-5,
1;2;11;3528;1-11,
2;1;13;3528;1-13,
2;1;11;3529;1-11,
0;2;7;3531;1-7,
0;2;4;3536;1-4,
1;0;4;3544;1-4,
2;1;8;3546;1-8,
0;2;3;3547;1-3,
1;0;7;3549;1-7,
1;2;11;3552;1-11,
0;2;7;3556;1-7,
0;2;1;3571;1-1,
1;2;6;3580;1-6,
1;2;13;3583;1-13,
1;0;4;3586;1-4,
1;2;11;3586;1-11,
2;1;11;3587;1-11,
2;1;10;3595;1-10,
0;2;4;3598;1-4,
1;0;6;3601;1-6,
1;2;12;3603;1-12,
2;1;6;3608;1-6,
1;0;1;3610;1-1,
2;1;7;3614;1-7,
0;2;5;3627;1-5,
1;0;5;3634;1-5,
1;2;7;3634;1-7,
1;0;4;3637;1-4,
0;2;9;3642;1-9,
2;1;14;3653;1-14,
2;1;10;3662;1-10,
1;0;4;3664;1-4,
1;2;12;3668;1-12,
1;0;6;3673;1-6,
1;2;10;3678;1-10,
2;1;13;3682;1-13,
1;0;4;3685;1-4,
0;2;1;3687;1-1,
1;0;3;3691;1-3,
1;2;10;3691;1-10,
1;0;10;3703;1-10,
2;1;9;3729;1-9,
1;0;2;3730;1-2,
1;2;8;3736;1-8,
0;2;5;3748;1-5,
2;1;9;3748;1-9,
1;2;9;3750;1-9,
0;2;10;3760;1-10,
2;1;9;3760;1-9,
0;2;5;3763;1-5,
1;0;6;3764;1-6,
1;0;4;3767;1-4,
1;0;4;3771;1-4,
1;2;13;3773;1-13,
0;2;8;3777;1-8,
1;0;7;3787;1-7,
1;2;6;3799;1-6,
1;2;8;3806;1-8,
2;1;11;3811;1-11,
0;2;4;3820;1-4,
1;2;13;3826;1-13,
0;2;7;3834;1-7,
2;1;12;3835;1-12,
0;2;1;3847;1-1,
1;2;6;3847;1-6,
1;0;7;3854;1-7,
0;2;7;3860;1-7,
0;2;7;3865;1-7,
1;2;14;3867;1-14,
2;1;13;3878;1-13,
1;0;5;3882;1-5,
1;2;12;3883;1-12,
2;1;6;3885;1-6,
1;2;8;3898;1-8,
1;0;8;3902;1-8,
1;2;6;3923;1-6,
0;2;7;3931;1-7,
0;2;5;3932;1-5,
2;1;9;3936;1-9,
2;1;11;3946;1-11,
2;1;12;3949;1-12,
1;2;5;3951;1-5,
0;2;5;3956;1-5,
1;0;5;3967;1-5,
1;0;3;3973;1-3,
2;1;9;3977;1-9,
2;1;12;3978;1-12,
0;2;5;3980;1-5,
1;2;11;3991;1-11,
2;1;8;4000;1-8,
2;1;16;4006;1-16,
1;0;3;4008;1-3,
0;2;7;4009;1-7,
1;2;8;4012;1-8,
2;1;8;4012;1-8,
2;1;7;4017;1-7,
1;2;8;4028;1-8,
1;0;3;4033;1-3,
1;0;7;4040;1-7,
2;1;8;4058;1-8,
1;0;7;4066;1-7,
2;1;6;4068;1-6,
1;0;6;4085;1-6,
0;2;5;4086;1-5,
1;2;9;4089;1-9,
0;2;6;4099;1-6,
1;0;7;4099;1-7,
0;2;7;4102;1-7,
2;1;9;4112;1-9,
2;1;14;4113;1-14,
1;0;6;4115;1-6,
2;1;5;4116;1-5,
1;2;9;4128;1-9,
2;1;12;4132;1-12,
0;2;8;4136;1-8,
2;1;10;4138;1-10,
0;2;3;4145;1-3,
2;1;8;4148;1-8,
1;0;3;4161;1-3,
2;1;10;4168;1-10,
0;2;7;4170;1-7,
1;0;6;4170;1-6,
0;2;4;4173;1-4,
0;2;4;4176;1-4,
1;0;1;4178;1-1,
2;1;14;4181;1-14,
0;2;7;4184;1-7,
1;0;5;4187;1-5,
2;1;6;4193;1-6,
2;1;13;4198;1-13,
2;1;13;4200;1-13,
1;2;11;4202;1-11,
1;0;4;4206;1-4,
1;2;15;4223;1-15,
1;2;13;4224;1-13,
2;1;14;4224;1-14,
2;1;8;4226;1-8,
2;1;6;4233;1-6,
1;2;11;4234;1-11,
1;2;5;4237;1-5,
1;0;8;4238;1-8,
1;2;14;4252;1-14,
0;2;2;4253;1-2,
1;0;5;4257;1-5,
1;0;4;4264;1-4,
1;0;6;4266;1-6,
1;0;3;4274;1-3,
1;2;8;4275;1-8,
2;1;19;4281;1-19,
0;2;4;4286;1-4,
1;2;10;4289;1-10,
1;2;9;4290;1-9,
1;0;5;4291;1-5,
1;0;6;4292;1-6,
0;2;9;4300;1-9,
1;2;12;4311;1-12,
0;2;4;4312;1-4,
2;1;13;4317;1-13,
1;2;7;4322;1-7,
2;1;6;4322;1-6,
1;2;12;4326;1-12,
1;0;5;4330;1-5,
2;1;12;4331;1-12,
2;1;8;4346;1-8,
1;2;7;4353;1-7,
1;2;10;4355;1-10,
1;0;5;4356;1-5,
1;2;9;4356;1-9,
0;2;3;4359;1-3,
1;0;2;4363;1-2,
1;2;9;4364;1-9,
0;2;4;4370;1-4,
1;0;6;4371;1-6,
1;0;2;4378;1-2,
1;0;3;4381;1-3,
2;1;8;4385;1-8,
0;2;5;4397;1-5,
1;0;5;4400;1-5,
1;0;3;4405;1-3,
1;0;6;4408;1-6,
2;1;7;4413;1-7,
0;2;4;4416;1-4,
0;2;8;4417;1-8,
1;0;2;4428;1-2,
2;1;14;4431;1-14,
0;2;6;4432;1-6,
1;2;7;4432;1-7,
1;2;13;4433;1-13,
1;2;10;4438;1-10,
2;1;12;4447;1-12,
2;1;19;4467;1-19,
1;0;2;4473;1-2,
1;2;17;4481;1-17,
2;1;13;4481;1-13,
1;0;8;4486;1-8,
1;0;1;4489;1-1,
0;2;11;4491;1-11,
2;1;1;4498;1-1,
0;2;8;4506;1-8,
0;2;4;4508;1-4,
2;1;11;4508;1-11,
1;0;4;4516;1-4,
1;2;11;4525;1-11,
2;1;14;4530;1-14,
0;2;4;4534;1-4,
2;1;12;4537;1-12,
0;2;2;4540;1-2,
1;0;4;4555;1-4,
1;0;5;4562;1-5,
1;0;3;4567;1-3,
1;2;16;4569;1-16,
1;2;9;4572;1-9,
1;2;11;4584;1-11,
1;0;3;4586;1-3,
2;1;6;4596;1-6,
2;1;7;4603;1-7,
1;0;4;4608;1-4,
1;2;11;4608;1-11,
0;2;5;4617;1-5,
0;2;5;4618;1-5,
0;2;2;4626;1-2,
2;1;6;4635;1-6,
1;2;13;4648;1-13,
0;2;3;4667;1-3,
1;2;10;4667;1-10,
1;0;4;4669;1-4,
0;2;4;4671;1-4,
0;2;3;4673;1-3,
1;2;9;4673;1-9,
0;2;8;4679;1-8,
1;0;3;4680;1-3,
2;1;7;4681;1-7,
2;1;7;4682;1-7,
1;2;14;4686;1-14,
2;1;12;4691;1-12,
0;2;5;4714;1-5,
1;0;2;4714;1-2,
2;1;8;4714;1-8,
1;2;13;4721;1-13,
1;0;6;4723;1-6,
2;1;13;4723;1-13,
2;1;9;4724;1-9,
2;1;9;4727;1-9,
1;2;12;4731;1-12,
2;1;7;4739;1-7,
0;2;6;4743;1-6,
2;1;10;4743;1-10,
1;2;10;4745;1-10,
0;2;5;4751;1-5,
1;0;7;4756;1-7,
0;2;6;4761;1-6,
1;0;4;4765;1-4,
1;2;5;4780;1-5,
0;2;7;4782;1-7,
1;2;9;4790;1-9,
1;0;4;4815;1-4,
0;2;5;4816;1-5,
0;2;3;4820;1-3,
0;2;6;4825;1-6,
2;1;9;4827;1-9,
2;1;11;4840;1-11,
1;0;9;4843;1-9,
1;0;8;4844;1-8,
2;1;8;4858;1-8,
0;2;7;4861;1-7,
1;2;11;4863;1-11,
2;1;9;4869;1-9,
0;2;5;4870;1-5,
0;2;8;4878;1-8,
1;0;6;4882;1-6,
1;0;3;4890;1-3,
0;2;7;4891;1-7,
1;2;11;4891;1-11,
1;2;3;4903;1-3,
1;0;5;4907;1-5,
0;2;3;4909;1-3,
0;2;4;4911;1-4,
0;2;2;4914;1-2,
1;0;1;4914;1-1,
1;2;9;4914;1-9,
1;0;5;4917;1-5,
1;2;13;4931;1-13,
1;2;8;4933;1-8,
1;2;11;4939;1-11,
0;2;4;4941;1-4,
1;2;9;4942;1-9,
1;2;9;4943;1-9,
2;1;8;4949;1-8,
1;2;10;4953;1-10,
1;0;6;4960;1-6,
2;1;16;4960;1-16,
2;1;7;4961;1-7,
1;2;8;4973;1-8,
1;2;13;4975;1-13,
0;2;4;4982;1-4,
1;2;11;4982;1-11,
1;2;11;4986;1-11,
0;2;5;4994;1-5,
1;2;12;4996;1-12,
0;2;2;5007;1-2,
2;1;13;5007;1-13,
1;2;11;5019;1-11,
1;0;2;5024;1-2,
0;2;5;5050;1-5,
1;2;11;5054;1-11,
0;2;3;5057;1-3,
2;1;12;5058;1-12,
1;0;5;5067;1-5,
1;2;8;5068;1-8,
2;1;11;5070;1-11,
1;0;3;5071;1-3,
1;2;17;5071;1-17,
1;2;5;5073;1-5,
0;2;5;5075;1-5,
2;1;12;5079;1-12,
1;0;7;5080;1-7,
1;0;3;5081;1-3,
2;1;11;5087;1-11,
1;2;8;5089;1-8,
0;2;5;5090;1-5,
2;1;7;5094;1-7,
2;1;10;5098;1-10,
1;0;9;5104;1-9,
0;2;7;5106;1-7,
0;2;2;5109;1-2,
0;2;4;5110;1-4,
2;1;9;5110;1-9,
1;0;7;5131;1-7,
0;2;2;5140;1-2,
2;1;7;5142;1-7,
1;2;9;5143;1-9,
0;2;8;5145;1-8,
1;2;13;5146;1-13,
1;0;3;5152;1-3,
1;2;7;5155;1-7,
1;2;8;5157;1-8,
0;2;6;5159;1-6,
1;2;15;5160;1-15,
0;2;7;5161;1-7,
1;2;11;5161;1-11,
2;1;12;5172;1-12,
2;1;9;5175;1-9,
2;1;10;5178;1-10,
2;1;8;5183;1-8,
0;2;5;5185;1-5,
2;1;10;5203;1-10,
1;2;8;5205;1-8,
0;2;4;5206;1-4,
1;0;14;5208;1-14,
2;1;15;5211;1-15,
0;2;2;5213;1-2,
1;2;8;5236;1-8,
1;2;9;5240;1-9,
2;1;7;5241;1-7,
2;1;7;5249;1-7,
1;0;6;5256;1-6,
0;2;11;5260;1-11,
1;0;9;5260;1-9,
1;0;14;5264;1-14,
1;2;13;5265;1-13,
0;2;8;5268;1-8,
1;2;12;5268;1-12,
1;0;6;5273;1-6,
2;1;10;5276;1-10,
1;0;1;5277;1-1,
0;2;3;5282;1-3,
1;2;8;5284;1-8,
2;1;14;5284;1-14,
1;0;4;5285;1-4,
0;2;4;5288;1-4,
1;2;10;5294;1-10,
1;0;8;5298;1-8,
2;1;8;5298;1-8,
0;2;10;5302;1-10,
2;1;7;5304;1-7,
0;2;9;5306;1-9,
2;1;7;5308;1-7,
0;2;2;5313;1-2,
1;2;8;5316;1-8,
1;2;13;5319;1-13,
0;2;6;5325;1-6,
1;0;6;5326;1-6,
2;1;11;5348;1-11,
1;0;2;5352;1-2,
0;2;2;5359;1-2,
0;2;8;5362;1-8,
2;1;9;5366;1-9,
1;2;7;5367;1-7,
2;1;15;5368;1-15,
1;0;2;5371;1-2,
1;2;10;5371;1-10,
2;1;9;5377;1-9,
0;2;5;5381;1-5,
1;2;7;5383;1-7,
0;2;7;5388;1-7,
0;2;3;5394;1-3,
2;1;12;5399;1-12,
2;1;11;5407;1-11,
1;2;9;5411;1-9,
0;2;7;5416;1-7,
1;2;13;5418;1-13,
2;1;4;5419;1-4,
0;2;3;5426;1-3,
0;2;7;5428;1-7,
1;0;7;5432;1-7,
1;0;7;5436;1-7,
1;2;8;5436;1-8,
1;2;11;5438;1-11,
1;2;4;5446;1-4,
1;2;5;5457;1-5,
0;2;5;5464;1-5,
1;0;5;5464;1-5,
1;0;2;5473;1-2,
1;0;4;5474;1-4,
1;0;10;5475;1-10,
2;1;10;5484;1-10,
1;0;6;5486;1-6,
1;2;9;5489;1-9,
1;0;3;5493;1-3,
0;2;10;5498;1-10,
1;0;3;5499;1-3,
0;2;7;5506;1-7,
1;2;10;5513;1-10,
1;2;11;5514;1-11,
0;2;4;5517;1-4,
2;1;11;5521;1-11,
1;0;5;5522;1-5,
0;2;6;5525;1-6,
1;0;5;5526;1-5,
2;1;8;5536;1-8,
0;2;9;5543;1-9,
1;2;11;5548;1-11,
1;0;2;5558;1-2,
2;1;11;5559;1-11,
1;0;3;5578;1-3,
0;2;7;5579;1-7,
1;2;12;5580;1-12,
0;2;9;5587;1-9,
1;2;8;5603;1-8,
2;1;8;5603;1-8,
2;1;12;5605;1-12,
0;2;7;5608;1-7,
2;1;11;5614;1-11,
1;0;5;5615;1-5,
1;2;17;5615;1-17,
2;1;3;5617;1-3,
1;0;7;5630;1-7,
0;2;7;5639;1-7,
1;0;6;5648;1-6,
2;1;9;5656;1-9,
2;1;11;5660;1-11,
2;1;10;5666;1-10,
0;2;3;5667;1-3,
1;2;10;5667;1-10,
1;2;8;5668;1-8,
1;2;6;5670;1-6,
0;2;4;5677;1-4,
1;0;3;5679;1-3,
1;0;1;5684;1-1,
0;2;5;5692;1-5,
1;0;6;5701;1-6,
1;2;8;5710;1-8,
1;0;5;5720;1-5,
0;2;3;5721;1-3,
1;0;3;5722;1-3,
0;2;8;5725;1-8,
2;1;13;5727;1-13,
1;0;7;5728;1-7,
0;2;4;5731;1-4,
1;2;11;5732;1-11,
1;0;5;5746;1-5,
1;2;12;5748;1-12,
1;0;5;5765;1-5,
1;0;4;5769;1-4,
0;2;2;5772;1-2,
1;2;10;5779;1-10,
1;2;9;5789;1-9,
2;1;10;5794;1-10,
1;2;5;5796;1-5,
1;2;17;5803;1-17,
0;2;4;5804;1-4,
1;2;13;5804;1-13,
1;0;3;5808;1-3,
1;0;3;5809;1-3,
1;0;3;5813;1-3,
2;1;10;5814;1-10,
2;1;13;5815;1-13,
1;0;4;5825;1-4,
0;2;7;5827;1-7,
1;0;3;5831;1-3,
2;1;9;5836;1-9,
1;2;10;5838;1-10,
0;2;5;5840;1-5,
1;2;11;5847;1-11,
2;1;13;5847;1-13,
2;1;15;5854;1-15,
2;1;14;5857;1-14,
0;2;1;5860;1-1,
2;1;15;5861;1-15,
0;2;4;5864;1-4,
2;1;11;5869;1-11,
0;2;7;5873;1-7,
2;1;3;5875;1-3,
0;2;9;5879;1-9,
1;0;6;5900;1-6,
1;2;4;5919;1-4,
1;2;11;5923;1-11,
1;2;9;5931;1-9,
2;1;12;5931;1-12,
0;2;4;5933;1-4,
0;2;5;5949;1-5,
2;1;11;5959;1-11,
2;1;9;5961;1-9,
2;1;10;5966;1-10,
2;1;5;5970;1-5,
1;2;8;5983;1-8,
2;1;11;5991;1-11,
1;2;7;5992;1-7,
1;2;9;5998;1-9,
2;1;9;5999;1-9,
2;1;4;6001;1-4,
1;2;11;6011;1-11,
1;2;3;6017;1-3,
0;2;7;6021;1-7,
1;2;8;6026;1-8,
0;2;8;6029;1-8,
1;2;9;6034;1-9,
2;1;11;6035;1-11,
2;1;5;6043;1-5,
1;0;4;6044;1-4,
1;2;8;6047;1-8,
2;1;11;6050;1-11,
2;1;7;6052;1-7,
1;0;4;6064;1-4,
1;2;11;6069;1-11,
1;0;3;6078;1-3,
1;2;12;6081;1-12,
1;0;6;6095;1-6,
0;2;7;6102;1-7,
1;0;1;6105;1-1,
0;2;5;6112;1-5,
1;2;8;6115;1-8,
2;1;14;6120;1-14,
1;0;4;6121;1-4,
1;2;11;6121;1-11,
2;1;17;6121;1-17,
1;2;8;6127;1-8,
2;1;8;6130;1-8,
1;2;13;6135;1-13,
2;1;9;6137;1-9,
1;2;6;6140;1-6,
1;2;13;6144;1-13,
1;0;6;6145;1-6,
2;1;10;6153;1-10,
2;1;7;6155;1-7,
1;2;15;6158;1-15,
1;0;5;6164;1-5,
1;0;4;6170;1-4,
0;2;5;6173;1-5,
1;0;6;6183;1-6,
1;0;1;6186;1-1,
0;2;5;6202;1-5,
1;2;11;6206;1-11,
1;0;3;6208;1-3,
2;1;22;6222;1-22,
0;2;6;6224;1-6,
1;2;9;6224;1-9,
0;2;5;6225;1-5,
0;2;4;6234;1-4,
1;2;11;6238;1-11,
2;1;13;6248;1-13,
0;2;4;6252;1-4,
1;2;8;6257;1-8,
1;2;7;6258;1-7,
1;0;3;6276;1-3,
0;2;6;6277;1-6,
1;0;7;6280;1-7,
2;1;11;6287;1-11,
2;1;11;6288;1-11,
0;2;5;6290;1-5,
1;2;7;6292;1-7,
1;0;6;6294;1-6,
2;1;11;6294;1-11,
1;0;3;6298;1-3,
1;2;7;6299;1-7,
0;2;10;6321;1-10,
0;2;8;6322;1-8,
1;2;8;6322;1-8,
0;2;5;6324;1-5,
2;1;10;6329;1-10,
1;0;5;6333;1-5,
1;2;12;6336;1-12,
1;0;5;6337;1-5,
0;2;4;6341;1-4,
0;2;3;6343;1-3,
1;0;9;6360;1-9,
1;2;6;6363;1-6,
1;2;6;6364;1-6,
1;0;6;6369;1-6,
2;1;6;6369;1-6,
1;2;11;6378;1-11,
0;2;4;6390;1-4,
1;2;8;6393;1-8,
2;1;13;6397;1-13,
2;1;10;6405;1-10,
1;2;10;6406;1-10,
2;1;9;6410;1-9,
2;1;7;6418;1-7,
2;1;12;6429;1-12,
1;0;8;6448;1-8,
0;2;1;6450;1-1,
1;2;13;6452;1-13,
2;1;5;6457;1-5,
2;1;6;6459;1-6,
1;2;10;6460;1-10,
0;2;7;6466;1-7,
1;0;7;6471;1-7,
0;2;5;6478;1-5,
2;1;10;6478;1-10,
0;2;5;6483;1-5,
2;1;12;6485;1-12,
1;0;6;6493;1-6,
0;2;7;6499;1-7,
1;0;6;6503;1-6,
0;2;3;6507;1-3,
1;2;11;6507;1-11,
0;2;2;6513;1-2,
2;1;6;6519;1-6,
0;2;4;6521;1-4,
0;2;3;6524;1-3,
2;1;8;6525;1-8,
1;0;6;6528;1-6,
2;1;6;6534;1-6,
0;2;2;6543;1-2,
2;1;10;6544;1-10,
0;2;5;6557;1-5,
1;2;10;6562;1-10,
1;2;9;6566;1-9,
1;2;11;6567;1-11,
0;2;3;6568;1-3,
2;1;8;6569;1-8,
2;1;11;6574;1-11,
1;0;5;6584;1-5,
1;2;9;6590;1-9,
2;1;6;6593;1-6,
0;2;6;6600;1-6,
2;1;10;6604;1-10,
2;1;11;6619;1-11,
0;2;4;6622;1-4,
2;1;12;6623;1-12,
2;1;12;6629;1-12,
1;0;4;6637;1-4,
0;2;8;6645;1-8,
2;1;15;6648;1-15,
0;2;5;6652;1-5,
2;1;10;6656;1-10,
2;1;9;6659;1-9,
1;2;10;6660;1-10,
0;2;5;6662;1-5,
0;2;4;6666;1-4,
1;2;13;6667;1-13,
1;2;7;6669;1-7,
2;1;6;6677;1-6,
1;2;15;6687;1-15,
0;2;8;6701;1-8,
1;0;6;6703;1-6,
0;2;2;6724;1-2,
0;2;4;6729;1-4,
0;2;5;6734;1-5,
1;0;2;6735;1-2,
1;2;12;6747;1-12,
1;2;11;6754;1-11,
1;2;4;6755;1-4,
1;0;6;6758;1-6,
1;2;7;6761;1-7,
2;1;8;6763;1-8,
1;2;8;6775;1-8,
1;2;12;6776;1-12,
1;2;13;6787;1-13,
0;2;3;6791;1-3,
1;2;12;6795;1-12,
2;1;8;6797;1-8,
1;0;3;6798;1-3,
1;2;11;6802;1-11,
2;1;7;6805;1-7,
2;1;9;6812;1-9,
1;0;6;6831;1-6,
1;2;18;6831;1-18,
0;2;2;6835;1-2,
1;0;5;6836;1-5,
1;0;5;6841;1-5,
1;0;5;6843;1-5,
1;2;12;6846;1-12,
0;2;3;6848;1-3,
1;0;4;6849;1-4,
0;2;6;6850;1-6,
2;1;11;6854;1-11,
2;1;5;6886;1-5,
1;0;8;6887;1-8,
0;2;4;6894;1-4,
2;1;13;6904;1-13,
0;2;5;6915;1-5,
2;1;14;6915;1-14,
2;1;11;6922;1-11,
1;0;3;6927;1-3,
2;1;7;6936;1-7,
1;2;10;6938;1-10,
0;2;4;6939;1-4,
0;2;8;6943;1-8,
1;2;15;6952;1-15,
1;0;4;6955;1-4,
0;2;4;6958;1-4,
1;0;7;6959;1-7,
1;2;9;6959;1-9,
1;2;9;6963;1-9,
1;2;5;6967;1-5,
2;1;13;6985;1-13,
0;2;7;6986;1-7,
2;1;9;6992;1-9,
1;2;10;6997;1-10,
2;1;12;7007;1-12,
1;2;5;7009;1-5,
0;2;3;7013;1-3,
1;2;11;7021;1-11,
1;0;7;7022;1-7,
2;1;7;7026;1-7,
1;0;4;7027;1-4,
1;0;5;7035;1-5,
2;1;11;7037;1-11,
2;1;14;7038;1-14,
1;2;13;7041;1-13,
1;2;15;7048;1-15,
1;2;17;7049;1-17,
2;1;13;7058;1-13,
1;2;8;7065;1-8,
1;0;4;7068;1-4,
1;0;4;7087;1-4,
0;2;6;7088;1-6,
1;0;2;7092;1-2,
1;0;5;7094;1-5,
2;1;15;7098;1-15,
2;1;16;7100;1-16,
2;1;10;7101;1-10,
0;2;3;7105;1-3,
0;2;7;7111;1-7,
2;1;8;7115;1-8,
1;2;8;7117;1-8,
2;1;11;7124;1-11,
1;0;4;7126;1-4,
2;1;9;7131;1-9,
0;2;5;7133;1-5,
1;2;8;7142;1-8,
2;1;9;7142;1-9,
1;0;3;7144;1-3,
0;2;3;7147;1-3,
1;2;11;7150;1-11,
2;1;11;7153;1-11,
0;2;5;7155;1-5,
1;2;10;7166;1-10,
1;2;4;7174;1-4,
1;0;4;7182;1-4,
2;1;8;7196;1-8,
0;2;11;7199;1-11,
2;1;6;7202;1-6,
2;1;8;7204;1-8,
2;1;12;7206;1-12,
2;1;11;7212;1-11,
1;0;5;7213;1-5,
2;1;6;7224;1-6,
2;1;12;7232;1-12,
2;1;6;7233;1-6,
1;2;10;7235;1-10,
0;2;5;7240;1-5,
2;1;15;7243;1-15,
2;1;12;7244;1-12,
1;0;5;7250;1-5,
1;2;9;7251;1-9,
2;1;12;7258;1-12,
2;1;8;7260;1-8,
0;2;6;7264;1-6,
1;2;14;7272;1-14,
0;2;5;7279;1-5,
1;2;9;7279;1-9,
2;1;10;7283;1-10,
0;2;5;7287;1-5,
1;2;7;7288;1-7,
1;2;6;7290;1-6,
2;1;10;7291;1-10,
2;1;16;7294;1-16,
2;1;9;7298;1-9,
0;2;4;7301;1-4,
1;2;10;7301;1-10,
1;0;3;7303;1-3,
1;2;9;7304;1-9,
1;2;7;7321;1-7,
1;0;6;7322;1-6,
2;1;13;7323;1-13,
1;2;9;7330;1-9,
2;1;10;7332;1-10,
2;1;9;7338;1-9,
1;0;3;7343;1-3,
0;2;3;7344;1-3,
0;2;6;7345;1-6,
0;2;3;7357;1-3,
1;2;5;7360;1-5,
1;2;5;7365;1-5,
1;0;6;7369;1-6,
1;0;5;7373;1-5,
1;2;6;7396;1-6,
2;1;12;7403;1-12,
1;2;6;7404;1-6,
2;1;9;7412;1-9,
0;2;5;7417;1-5,
1;0;6;7421;1-6,
2;1;7;7421;1-7,
2;1;9;7425;1-9,
1;2;13;7434;1-13,
1;0;4;7442;1-4,
1;0;7;7444;1-7,
0;2;7;7449;1-7,
0;2;3;7456;1-3,
1;0;3;7459;1-3,
2;1;10;7459;1-10,
1;0;1;7460;1-1,
2;1;12;7461;1-12,
1;2;6;7462;1-6,
1;2;8;7464;1-8,
1;0;1;7478;1-1,
0;2;5;7480;1-5,
2;1;9;7483;1-9,
1;0;8;7494;1-8,
2;1;8;7497;1-8,
1;2;7;7498;1-7,
1;2;11;7524;1-11,
2;1;12;7530;1-12,
2;1;8;7533;1-8,
2;1;9;7538;1-9,
2;1;11;7542;1-11,
1;0;7;7550;1-7,
1;2;12;7559;1-12,
2;1;9;7573;1-9,
1;2;8;7574;1-8,
1;0;4;7580;1-4,
1;2;11;7585;1-11,
0;2;4;7586;1-4,
1;2;9;7602;1-9,
1;2;8;7604;1-8,
0;2;4;7609;1-4,
2;1;8;7612;1-8,
0;2;5;7618;1-5,
1;0;7;7619;1-7,
1;2;16;7621;1-16,
1;2;12;7626;1-12,
0;2;1;7627;1-1,
0;2;5;7628;1-5,
0;2;8;7631;1-8,
2;1;7;7632;1-7,
1;2;12;7633;1-12,
0;2;2;7645;1-2,
1;0;5;7653;1-5,
1;2;11;7657;1-11,
1;0;1;7659;1-1,
1;2;12;7665;1-12,
1;2;7;7673;1-7,
1;0;6;7679;1-6,
1;2;10;7686;1-10,
2;1;4;7696;1-4,
1;2;12;7698;1-12,
2;1;5;7702;1-5,
0;2;5;7710;1-5,
0;2;3;7712;1-3,
0;2;5;7714;1-5,
0;2;7;7724;1-7,
1;0;6;7747;1-6,
1;2;9;7750;1-9,
1;2;7;7753;1-7,
2;1;11;7769;1-11,
2;1;14;7775;1-14,
1;2;12;7783;1-12,
2;1;8;7802;1-8,
0;2;4;7811;1-4,
2;1;10;7812;1-10,
1;0;1;7816;1-1,
1;2;14;7834;1-14,
1;2;15;7841;1-15,
2;1;12;7847;1-12,
1;2;9;7849;1-9,
1;0;8;7865;1-8,
0;2;8;7887;1-8,
2;1;9;7900;1-9,
2;1;13;7906;1-13,
1;0;5;7910;1-5,
1;2;6;7915;1-6,
0;2;7;7918;1-7,
1;2;16;7920;1-16,
2;1;11;7924;1-11,
0;2;5;7927;1-5,
1;0;8;7930;1-8,
1;2;17;7934;1-17,
1;0;8;7935;1-8,
1;2;9;7937;1-9,
2;1;13;7946;1-13,
2;1;8;7951;1-8,
2;1;10;7960;1-10,
1;0;5;7963;1-5,
1;0;5;7966;1-5,
1;0;8;7969;1-8,
2;1;13;7972;1-13,
1;2;13;7974;1-13,
1;2;11;7983;1-11,
1;2;5;7988;1-5,
1;0;5;7989;1-5,
1;2;7;7990;1-7,
1;2;10;7991;1-10,
2;1;12;7996;1-12,
1;2;15;8001;1-15,
2;1;8;8004;1-8,
0;2;5;8005;1-5,
2;1;12;8016;1-12,
1;0;9;8021;1-9,
1;0;4;8024;1-4,
2;1;12;8024;1-12,
0;2;2;8036;1-2,
0;2;4;8038;1-4,
1;0;2;8045;1-2,
0;2;3;8053;1-3,
1;0;5;8056;1-5,
0;2;6;8064;1-6,
1;0;3;8076;1-3,
1;2;7;8078;1-7,
0;2;5;8080;1-5,
0;2;5;8083;1-5,
2;1;7;8083;1-7,
2;1;3;8086;1-3,
1;2;4;8090;1-4,
1;0;8;8099;1-8,
2;1;10;8113;1-10,
2;1;9;8124;1-9,
1;2;9;8126;1-9,
2;1;11;8131;1-11,
1;2;8;8132;1-8,
1;0;3;8134;1-3,
1;0;5;8139;1-5,
0;2;5;8143;1-5,
0;2;6;8145;1-6,
2;1;16;8152;1-16,
0;2;4;8153;1-4,
1;2;14;8158;1-14,
1;2;8;8163;1-8,
1;2;11;8166;1-11,
0;2;6;8170;1-6,
2;1;12;8179;1-12,
1;2;7;8180;1-7,
1;2;17;8184;1-17,
0;2;4;8198;1-4,
1;2;11;8206;1-11,
2;1;11;8212;1-11,
1;0;6;8219;1-6,
0;2;8;8222;1-8,
1;0;3;8233;1-3,
2;1;7;8240;1-7,
1;2;9;8245;1-9,
1;2;5;8246;1-5,
2;1;11;8247;1-11,
1;2;9;8250;1-9,
0;2;5;8253;1-5,
1;2;7;8254;1-7,
0;2;4;8259;1-4,
1;0;2;8262;1-2,
1;0;1;8269;1-1,
0;2;7;8274;1-7,
1;0;3;8282;1-3,
0;2;8;8289;1-8,
1;2;8;8303;1-8,
0;2;4;8304;1-4,
1;0;5;8325;1-5,
0;2;5;8327;1-5,
2;1;9;8329;1-9,
1;2;6;8334;1-6,
1;0;6;8343;1-6,
1;2;6;8343;1-6,
2;1;12;8347;1-12,
0;2;8;8357;1-8,
2;1;14;8373;1-14,
1;2;7;8376;1-7,
0;2;6;8383;1-6,
1;0;9;8399;1-9,
1;2;15;8419;1-15,
0;2;3;8425;1-3,
1;0;1;8443;1-1,
0;2;8;8450;1-8,
1;0;4;8453;1-4,
1;2;7;8461;1-7,
0;2;7;8468;1-7,
0;2;9;8475;1-9,
1;2;7;8479;1-7,
0;2;4;8484;1-4,
0;2;5;8486;1-5,
1;2;5;8487;1-5,
2;1;13;8488;1-13,
2;1;5;8492;1-5,
2;1;12;8493;1-12,
0;2;3;8497;1-3,
2;1;9;8505;1-9,
1;0;4;8508;1-4,
2;1;12;8523;1-12,
0;2;3;8541;1-3,
1;2;11;8541;1-11,
0;2;6;8547;1-6,
1;0;2;8556;1-2,
1;2;4;8564;1-4,
0;2;4;8565;1-4,
2;1;5;8565;1-5,
0;2;2;8567;1-2,
1;2;10;8569;1-10,
1;0;6;8573;1-6,
1;0;3;8575;1-3,
1;2;5;8586;1-5,
1;2;8;8590;1-8,
1;2;16;8595;1-16,
2;1;6;8596;1-6,
0;2;5;8598;1-5,
1;2;11;8599;1-11,
2;1;9;8601;1-9,
1;0;6;8613;1-6,
1;2;6;8627;1-6,
0;2;5;8630;1-5,
2;1;8;8635;1-8,
0;2;2;8646;1-2,
1;0;4;8647;1-4,
1;2;6;8655;1-6,
2;1;8;8660;1-8,
1;2;8;8661;1-8,
1;0;4;8666;1-4,
2;1;8;8666;1-8,
1;0;5;8673;1-5,
1;2;10;8674;1-10,
1;2;6;8678;1-6,
0;2;4;8691;1-4,
1;0;4;8699;1-4,
0;2;3;8700;1-3,
1;2;8;8707;1-8,
0;2;2;8709;1-2,
1;0;4;8710;1-4,
1;2;8;8710;1-8,
2;1;15;8721;1-15,
2;1;9;8726;1-9,
2;1;12;8745;1-12,
1;2;7;8759;1-7,
2;1;10;8763;1-10,
0;2;9;8774;1-9,
0;2;4;8776;1-4,
1;0;3;8786;1-3,
1;0;4;8787;1-4,
1;2;9;8787;1-9,
1;2;14;8795;1-14,
2;1;9;8798;1-9,
1;2;5;8802;1-5,
2;1;14;8804;1-14,
2;1;10;8807;1-10,
1;2;13;8815;1-13,
2;1;15;8820;1-15,
1;2;9;8822;1-9,
0;2;5;8824;1-5,
2;1;6;8824;1-6,
0;2;4;8830;1-4,
0;2;12;8831;1-12,
1;0;12;8832;1-12,
0;2;4;8838;1-4,
2;1;11;8843;1-11,
1;0;4;8846;1-4,
1;2;11;8855;1-11,
1;2;9;8857;1-9,
2;1;15;8857;1-15,
2;1;9;8863;1-9,
1;0;3;8870;1-3,
1;2;14;8870;1-14,
2;1;12;8871;1-12,
1;2;10;8883;1-10,
2;1;6;8884;1-6,
2;1;12;8886;1-12,
0;2;6;8898;1-6,
0;2;8;8908;1-8,
1;2;9;8912;1-9,
1;2;11;8914;1-11,
1;0;7;8920;1-7,
2;1;8;8926;1-8,
0;2;7;8937;1-7,
0;2;6;8941;1-6,
1;2;13;8943;1-13,
0;2;8;8944;1-8,
1;0;4;8959;1-4,
1;0;6;8964;1-6,
1;2;9;8975;1-9,
2;1;17;8977;1-17,
1;0;5;8978;1-5,
1;2;11;8980;1-11,
0;2;5;8990;1-5,
0;2;2;8991;1-2,
0;2;3;8996;1-3,
0;2;6;9002;1-6,
1;2;15;9002;1-15,
2;1;10;9008;1-10,
1;0;5;9010;1-5,
2;1;6;9011;1-6,
2;1;10;9015;1-10,
0;2;4;9024;1-4,
2;1;17;9026;1-17,
0;2;7;9027;1-7,
0;2;3;9032;1-3,
1;2;9;9033;1-9,
0;2;1;9043;1-1,
2;1;5;9052;1-5,
1;2;9;9055;1-9,
2;1;8;9056;1-8,
0;2;5;9057;1-5,
2;1;12;9059;1-12,
0;2;4;9062;1-4,
2;1;8;9069;1-8,
1;0;4;9077;1-4,
1;2;11;9084;1-11,
0;2;3;9091;1-3,
1;2;7;9093;1-7,
1;0;6;9094;1-6,
2;1;13;9095;1-13,
0;2;6;9101;1-6,
2;1;14;9101;1-14,
2;1;12;9106;1-12,
0;2;6;9107;1-6,
2;1;7;9107;1-7,
1;0;3;9111;1-3,
0;2;2;9115;1-2,
2;1;4;9118;1-4,
1;2;6;9121;1-6,
2;1;8;9124;1-8,
1;2;11;9127;1-11,
2;1;11;9131;1-11,
1;0;5;9134;1-5,
1;0;8;9148;1-8,
1;0;11;9152;1-11,
0;2;5;9157;1-5,
1;2;10;9175;1-10,
1;2;6;9182;1-6,
1;0;4;9184;1-4,
1;2;6;9184;1-6,
1;2;9;9187;1-9,
2;1;10;9192;1-10,
2;1;9;9194;1-9,
1;0;4;9195;1-4,
0;2;4;9199;1-4,
1;0;5;9212;1-5,
1;2;12;9233;1-12,
0;2;6;9238;1-6,
2;1;8;9242;1-8,
2;1;9;9255;1-9,
0;2;4;9256;1-4,
1;0;5;9277;1-5,
2;1;7;9295;1-7,
1;2;14;9296;1-14,
1;0;5;9299;1-5,
2;1;13;9302;1-13,
0;2;8;9303;1-8,
2;1;11;9303;1-11,
1;0;7;9304;1-7,
0;2;1;9305;1-1,
1;0;6;9308;1-6,
2;1;14;9316;1-14,
1;0;5;9317;1-5,
0;2;2;9319;1-2,
1;2;14;9319;1-14,
1;2;9;9321;1-9,
0;2;7;9324;1-7,
2;1;10;9326;1-10,
0;2;4;9328;1-4,
1;0;12;9334;1-12,
1;2;7;9337;1-7,
0;2;6;9340;1-6,
1;0;7;9349;1-7,
0;2;4;9351;1-4,
1;0;10;9352;1-10,
1;0;2;9372;1-2,
2;1;6;9374;1-6,
1;0;7;9376;1-7,
1;0;3;9391;1-3,
1;2;7;9394;1-7,
2;1;9;9398;1-9,
1;0;3;9401;1-3,
0;2;5;9412;1-5,
0;2;1;9415;1-1,
1;2;4;9415;1-4,
0;2;6;9418;1-6,
1;2;8;9421;1-8,
1;0;5;9428;1-5,
2;1;13;9433;1-13,
1;0;6;9436;1-6,
1;0;3;9443;1-3,
2;1;9;9443;1-9,
1;0;2;9444;1-2,
0;2;9;9446;1-9,
1;0;7;9447;1-7,
2;1;6;9454;1-6,
2;1;7;9462;1-7,
1;2;9;9464;1-9,
0;2;9;9468;1-9,
1;0;6;9481;1-6,
0;2;4;9482;1-4,
1;2;7;9485;1-7,
1;0;6;9490;1-6,
1;2;8;9503;1-8,
2;1;13;9525;1-13,
0;2;2;9537;1-2,
2;1;8;9546;1-8,
1;0;5;9547;1-5,
0;2;8;9551;1-8,
2;1;7;9551;1-7,
1;2;8;9560;1-8,
1;0;5;9563;1-5,
2;1;13;9565;1-13,
0;2;3;9569;1-3,
1;0;1;9570;1-1,
0;2;4;9577;1-4,
1;2;7;9577;1-7,
1;2;8;9579;1-8,
1;0;11;9582;1-11,
2;1;8;9583;1-8,
1;0;7;9590;1-7,
2;1;13;9595;1-13,
2;1;10;9597;1-10,
1;2;7;9601;1-7,
1;0;5;9606;1-5,
0;2;7;9611;1-7,
1;0;3;9617;1-3,
2;1;9;9617;1-9,
1;2;16;9620;1-16,
1;0;5;9623;1-5,
1;0;7;9627;1-7,
1;2;6;9633;1-6,
1;0;5;9638;1-5,
1;2;10;9640;1-10,
2;1;16;9640;1-16,
1;0;10;9644;1-10,
2;1;15;9644;1-15,
1;2;17;9648;1-17,
0;2;6;9654;1-6,
1;0;3;9654;1-3,
1;2;14;9656;1-14,
0;2;4;9657;1-4,
2;1;13;9660;1-13,
2;1;12;9661;1-12,
1;2;12;9662;1-12,
2;1;11;9664;1-11,
1;2;10;9667;1-10,
2;1;11;9667;1-11,
2;1;11;9670;1-11,
1;0;6;9672;1-6,
1;2;10;9682;1-10,
0;2;2;9684;1-2,
2;1;10;9689;1-10,
1;2;10;9692;1-10,
1;0;3;9696;1-3,
1;0;11;9698;1-11,
0;2;5;9700;1-5,
2;1;16;9707;1-16,
1;2;10;9709;1-10,
1;2;14;9710;1-14,
1;0;5;9714;1-5,
1;2;11;9716;1-11,
2;1;17;9724;1-17,
1;2;6;9733;1-6,
2;1;11;9733;1-11,
1;0;7;9734;1-7,
1;2;10;9743;1-10,
0;2;6;9748;1-6,
1;0;4;9753;1-4,
2;1;11;9755;1-11,
1;0;6;9776;1-6,
0;2;4;9783;1-4,
1;0;5;9784;1-5,
0;2;3;9787;1-3,
1;2;13;9813;1-13,
0;2;5;9829;1-5,
0;2;6;9837;1-6,
2;1;11;9837;1-11,
1;2;8;9841;1-8,
0;2;5;9842;1-5,
1;0;2;9847;1-2,
1;0;4;9853;1-4,
1;2;13;9856;1-13,
1;2;8;9860;1-8,
1;0;6;9864;1-6,
2;1;9;9866;1-9,
1;2;10;9884;1-10,
0;2;3;9889;1-3,
1;0;7;9889;1-7,
2;1;17;9890;1-17,
1;0;6;9894;1-6,
1;0;6;9910;1-6,
1;2;6;9914;1-6,
0;2;8;9915;1-8,
0;2;4;9916;1-4,
1;0;3;9917;1-3,
1;0;5;9932;1-5,
1;0;10;9934;1-10,
2;1;12;9942;1-12,
2;1;15;9943;1-15,
0;2;5;9961;1-5,
2;1;9;9968;1-9,
1;0;5;9972;1-5,
2;1;13;9977;1-13,
0;2;5;9979;1-5,
2;1;6;9984;1-6,
1;2;8;9996;1-8,
1;0;6;10001;1-6,
1;0;9;10003;1-9,
2;1;6;10003;1-6,
1;0;7;10011;1-7,
0;2;7;10017;1-7,
0;2;9;10022;1-9,
1;2;6;10026;1-6,
1;0;2;10029;1-2,
2;1;13;10037;1-13,
2;1;9;10045;1-9,
1;0;7;10047;1-7,
1;2;7;10053;1-7,
1;0;3;10056;1-3,
2;1;10;10056;1-10,
0;2;9;10065;1-9,
0;2;4;10073;1-4,
0;2;6;10084;1-6,
2;1;10;10106;1-10,
2;1;10;10111;1-10,
1;0;9;10112;1-9,
1;0;6;10118;1-6,
2;1;13;10120;1-13,
0;2;7;10127;1-7,
0;2;4;10136;1-4,
0;2;5;10139;1-5,
0;2;4;10145;1-4,
2;1;11;10154;1-11,
0;2;8;10155;1-8,
1;0;5;10158;1-5,
1;2;14;10166;1-14,
1;2;10;10168;1-10,
2;1;10;10175;1-10,
1;0;4;10182;1-4,
2;1;9;10187;1-9,
1;2;10;10191;1-10,
2;1;11;10191;1-11,
1;2;5;10195;1-5,
2;1;10;10196;1-10,
1;0;5;10198;1-5,
2;1;11;10202;1-11,
0;2;6;10204;1-6,
1;2;10;10213;1-10,
2;1;8;10214;1-8,
1;0;7;10215;1-7,
2;1;10;10215;1-10,
1;2;13;10221;1-13,
1;2;6;10225;1-6,
0;2;5;10230;1-5,
0;2;4;10232;1-4,
1;2;10;10232;1-10,
1;2;12;10233;1-12,
1;0;7;10236;1-7,
1;2;11;10236;1-11,
1;2;8;10239;1-8,
1;0;6;10250;1-6,
1;0;4;10253;1-4,
1;0;4;10258;1-4,
2;1;14;10258;1-14,
1;0;6;10269;1-6,
1;0;8;10286;1-8,
1;0;9;10288;1-9,
2;1;10;10291;1-10,
2;1;5;10296;1-5,
1;2;8;10299;1-8,
1;2;6;10302;1-6,
2;1;15;10303;1-15,
1;0;3;10325;1-3,
0;2;3;10326;1-3,
2;1;9;10326;1-9,
0;2;7;10330;1-7,
1;2;8;10330;1-8,
1;0;6;10338;1-6,
1;2;9;10343;1-9,
2;1;12;10343;1-12,
0;2;9;10348;1-9,
2;1;12;10358;1-12,
1;0;5;10362;1-5,
1;0;1;10367;1-1,
0;2;8;10371;1-8,
0;2;3;10390;1-3,
1;0;7;10392;1-7,
2;1;15;10393;1-15,
2;1;4;10399;1-4,
1;0;6;10405;1-6,
0;2;5;10415;1-5,
0;2;7;10416;1-7,
1;0;4;10417;1-4,
0;2;4;10429;1-4,
1;0;7;10431;1-7,
2;1;12;10434;1-12,
1;0;6;10435;1-6,
0;2;3;10440;1-3,
1;2;5;10442;1-5,
0;2;3;10445;1-3,
2;1;13;10447;1-13,
1;0;4;10450;1-4,
2;1;9;10451;1-9,
2;1;7;10477;1-7,
1;2;7;10479;1-7,
1;2;13;10482;1-13,
0;2;4;10484;1-4,
0;2;6;10486;1-6,
1;2;9;10488;1-9,
2;1;9;10488;1-9,
0;2;6;10489;1-6,
1;0;4;10500;1-4,
2;1;6;10500;1-6,
0;2;3;10502;1-3,
1;0;5;10502;1-5,
1;0;5;10506;1-5,
0;2;5;10507;1-5,
1;0;2;10525;1-2,
1;2;10;10525;1-10,
1;0;10;10529;1-10,
2;1;14;10530;1-14,
0;2;2;10557;1-2,
1;0;4;10560;1-4,
0;2;5;10561;1-5,
1;0;3;10566;1-3,
1;0;7;10567;1-7,
1;0;7;10569;1-7,
1;0;5;10571;1-5,
0;2;6;10582;1-6,
1;0;7;10583;1-7,
2;1;12;10588;1-12,
2;1;7;10590;1-7,
1;0;3;10591;1-3,
1;0;2;10594;1-2,
1;0;7;10596;1-7,
2;1;14;10599;1-14,
1;0;6;10600;1-6,
1;2;14;10603;1-14,
1;0;2;10613;1-2,
2;1;11;10624;1-11,
0;2;4;10626;1-4,
2;1;12;10630;1-12,
1;0;9;10632;1-9,
1;0;8;10633;1-8,
1;2;8;10633;1-8,
2;1;13;10639;1-13,
1;0;8;10640;1-8,
1;2;7;10641;1-7,
1;2;8;10653;1-8,
2;1;9;10659;1-9,
1;0;5;10660;1-5,
0;2;8;10661;1-8,
1;0;7;10663;1-7,
1;0;4;10665;1-4,
2;1;15;10670;1-15,
0;2;9;10675;1-9,
2;1;17;10675;1-17,
1;2;14;10681;1-14,
2;1;14;10691;1-14,
2;1;9;10714;1-9,
0;2;9;10717;1-9,
1;0;9;10717;1-9,
1;0;5;10731;1-5,
0;2;8;10732;1-8,
1;0;1;10733;1-1,
1;0;4;10736;1-4,
1;2;14;10738;1-14,
2;1;12;10740;1-12,
1;0;5;10742;1-5,
1;0;4;10753;1-4,
2;1;14;10753;1-14,
1;2;7;10760;1-7,
1;0;6;10763;1-6,
1;2;6;10763;1-6,
1;2;14;10765;1-14,
2;1;11;10776;1-11,
0;2;3;10777;1-3,
2;1;5;10777;1-5,
0;2;6;10787;1-6,
1;0;6;10793;1-6,
0;2;5;10795;1-5,
2;1;8;10795;1-8,
0;2;3;10800;1-3,
2;1;6;10801;1-6,
1;2;3;10804;1-3,
0;2;4;10806;1-4,
1;0;6;10818;1-6,
0;2;5;10823;1-5,
2;1;7;10832;1-7,
1;0;3;10836;1-3,
0;2;4;10845;1-4,
1;0;6;10852;1-6,
0;2;2;10870;1-2,
0;2;1;10876;1-1,
2;1;4;10883;1-4,
2;1;10;10887;1-10,
0;2;2;10891;1-2,
0;2;1;10894;1-1,
2;1;9;10895;1-9,
1;0;4;10896;1-4,
1;2;8;10899;1-8,
1;2;12;10914;1-12,
2;1;10;10917;1-10,
2;1;5;10923;1-5,
1;0;5;10927;1-5,
0;2;4;10928;1-4,
0;2;3;10929;1-3,
1;2;8;10934;1-8,
1;2;12;10941;1-12,
0;2;11;10945;1-11,
0;2;5;10948;1-5,
0;2;3;10949;1-3,
1;2;8;10950;1-8,
1;0;6;10953;1-6,
1;2;9;10953;1-9,
0;2;4;10958;1-4,
1;2;11;10961;1-11,
1;0;2;10973;1-2,
0;2;1;10974;1-1,
1;2;7;10976;1-7,
1;0;4;10978;1-4,
1;2;14;10978;1-14,
2;1;11;10979;1-11,
2;1;12;10980;1-12,
1;0;6;10981;1-6,
1;2;9;10981;1-9,
1;2;15;10984;1-15,
1;0;2;10992;1-2,
2;1;13;10992;1-13,
1;2;17;11003;1-17,
0;2;4;11013;1-4,
1;0;3;11013;1-3,
2;1;14;11021;1-14,
0;2;8;11023;1-8,
2;1;14;11023;1-14,
1;2;12;11026;1-12,
1;0;8;11027;1-8,
1;0;5;11029;1-5,
0;2;8;11032;1-8,
1;2;10;11041;1-10,
0;2;5;11042;1-5,
1;0;7;11056;1-7,
2;1;12;11056;1-12,
1;0;5;11067;1-5,
1;2;10;11076;1-10,
1;2;12;11088;1-12,
0;2;5;11093;1-5,
2;1;8;11093;1-8,
2;1;11;11094;1-11,
1;2;7;11103;1-7,
2;1;13;11105;1-13,
1;0;6;11108;1-6,
1;2;7;11115;1-7,
1;0;7;11124;1-7,
2;1;10;11124;1-10,
1;2;7;11126;1-7,
1;2;8;11128;1-8,
2;1;12;11128;1-12,
1;0;7;11136;1-7,
2;1;14;11139;1-14,
1;0;11;11152;1-11,
0;2;3;11155;1-3,
1;2;8;11164;1-8,
2;1;4;11166;1-4,
0;2;6;11171;1-6,
2;1;10;11173;1-10,
1;0;5;11176;1-5,
1;2;11;11180;1-11,
2;1;5;11189;1-5,
1;2;3;11192;1-3,
1;0;6;11193;1-6,
0;2;6;11197;1-6,
2;1;21;11216;1-21,
0;2;3;11240;1-3,
1;2;13;11245;1-13,
1;0;3;11247;1-3,
0;2;5;11249;1-5,
0;2;3;11250;1-3,
0;2;5;11256;1-5,
1;0;4;11259;1-4,
1;2;12;11262;1-12,
1;0;3;11266;1-3,
0;2;8;11267;1-8,
2;1;5;11268;1-5,
2;1;8;11269;1-8,
1;0;5;11272;1-5,
0;2;3;11283;1-3,
0;2;7;11286;1-7,
1;2;12;11287;1-12,
2;1;3;11288;1-3,
1;2;15;11289;1-15,
1;0;5;11290;1-5,
0;2;2;11291;1-2,
0;2;6;11303;1-6,
1;2;14;11306;1-14,
0;2;7;11320;1-7,
1;2;9;11323;1-9,
1;2;14;11329;1-14,
1;0;4;11338;1-4,
0;2;4;11339;1-4,
1;2;8;11340;1-8,
0;2;1;11349;1-1,
0;2;3;11354;1-3,
1;2;6;11357;1-6,
2;1;8;11360;1-8,
2;1;8;11366;1-8,
2;1;13;11367;1-13,
2;1;9;11374;1-9,
0;2;2;11379;1-2,
1;2;9;11379;1-9,
2;1;9;11381;1-9,
1;0;5;11382;1-5,
0;2;5;11385;1-5,
1;0;7;11390;1-7,
1;2;15;11390;1-15,
1;0;4;11395;1-4,
0;2;3;11396;1-3,
1;0;8;11396;1-8,
2;1;9;11405;1-9,
2;1;3;11410;1-3,
1;0;7;11413;1-7,
1;0;8;11416;1-8,
2;1;8;11416;1-8,
0;2;6;11417;1-6,
2;1;11;11434;1-11,
1;2;16;11435;1-16,
1;0;3;11438;1-3,
1;0;6;11444;1-6,
0;2;3;11447;1-3,
0;2;2;11452;1-2,
1;2;6;11455;1-6,
2;1;8;11457;1-8,
1;0;8;11458;1-8,
0;2;1;11463;1-1,
2;1;13;11469;1-13,
0;2;2;11472;1-2,
2;1;9;11490;1-9,
2;1;8;11491;1-8,
1;0;4;11496;1-4,
1;2;5;11498;1-5,
2;1;8;11498;1-8,
1;0;3;11510;1-3,
1;2;6;11512;1-6,
1;2;9;11516;1-9,
0;2;3;11517;1-3,
1;0;5;11521;1-5,
2;1;15;11527;1-15,
2;1;10;11530;1-10,
2;1;9;11543;1-9,
0;2;4;11544;1-4,
1;2;9;11545;1-9,
2;1;16;11556;1-16,
1;0;5;11567;1-5,
0;2;3;11579;1-3,
1;2;11;11606;1-11,
1;2;11;11612;1-11,
1;0;2;11617;1-2,
1;0;6;11630;1-6,
1;2;8;11633;1-8,
2;1;5;11634;1-5,
2;1;12;11636;1-12,
2;1;6;11638;1-6,
0;2;5;11646;1-5,
1;2;8;11646;1-8,
2;1;11;11647;1-11,
1;2;14;11664;1-14,
2;1;5;11666;1-5,
0;2;5;11667;1-5,
1;0;4;11676;1-4,
1;2;12;11677;1-12,
0;2;3;11697;1-3,
1;2;12;11710;1-12,
1;2;8;11714;1-8,
1;0;3;11724;1-3,
1;2;9;11729;1-9,
2;1;8;11732;1-8,
0;2;4;11737;1-4,
0;2;9;11743;1-9,
2;1;7;11753;1-7,
0;2;5;11755;1-5,
1;0;10;11757;1-10,
1;0;2;11758;1-2,
1;0;7;11761;1-7,
1;2;10;11761;1-10,
1;2;9;11764;1-9,
2;1;17;11785;1-17,
1;0;4;11787;1-4,
1;0;3;11791;1-3,
1;0;3;11793;1-3,
2;1;11;11794;1-11,
2;1;11;11799;1-11,
1;0;6;11807;1-6,
1;0;5;11809;1-5,
2;1;12;11809;1-12,
2;1;12;11813;1-12,
2;1;3;11822;1-3,
0;2;7;11824;1-7,
1;0;4;11825;1-4,
2;1;16;11831;1-16,
1;0;6;11833;1-6,
0;2;7;11843;1-7,
2;1;11;11844;1-11,
0;2;1;11880;1-1,
1;0;3;11881;1-3,
1;2;4;11887;1-4,
1;2;10;11889;1-10,
1;2;7;11891;1-7,
0;2;3;11892;1-3,
1;2;11;11910;1-11,
1;0;2;11914;1-2,
1;2;3;11915;1-3,
1;0;9;11917;1-9,
2;1;7;11925;1-7,
1;2;18;11929;1-18,
1;0;4;11933;1-4,
1;2;5;11934;1-5,
0;2;5;11939;1-5,
1;0;6;11941;1-6,
2;1;8;11951;1-8,
0;2;5;11952;1-5,
1;0;5;11952;1-5,
1;2;10;11952;1-10,
0;2;6;11958;1-6,
2;1;10;11958;1-10,
1;0;5;11963;1-5,
0;2;6;11966;1-6,
1;2;7;11972;1-7,
2;1;5;11977;1-5,
2;1;5;11979;1-5,
1;2;14;11981;1-14,
0;2;2;11995;1-2,
1;0;10;12003;1-10,
0;2;3;12007;1-3,
1;0;3;12008;1-3,
0;2;2;12009;1-2,
0;2;6;12018;1-6,
0;2;8;12019;1-8,
0;2;1;12030;1-1,
1;2;9;12032;1-9,
1;2;13;12040;1-13,
0;2;5;12041;1-5,
0;2;6;12045;1-6,
2;1;12;12048;1-12,
1;2;12;12053;1-12,
0;2;8;12056;1-8,
1;0;11;12057;1-11,
1;0;5;12061;1-5,
1;2;5;12065;1-5,
1;2;8;12066;1-8,
2;1;7;12069;1-7,
0;2;8;12078;1-8,
2;1;10;12079;1-10,
1;2;6;12096;1-6,
1;0;5;12101;1-5,
1;0;6;12102;1-6,
1;2;8;12107;1-8,
0;2;6;12110;1-6,
0;2;3;12114;1-3,
2;1;10;12118;1-10,
1;0;4;12125;1-4,
0;2;7;12131;1-7,
1;2;11;12131;1-11,
2;1;10;12132;1-10,
1;0;3;12138;1-3,
1;0;9;12150;1-9,
1;2;6;12150;1-6,
2;1;11;12150;1-11,
1;2;11;12159;1-11,
0;2;5;12172;1-5,
1;0;5;12178;1-5,
2;1;14;12178;1-14,
1;2;6;12184;1-6,
1;2;9;12186;1-9,
1;0;8;12194;1-8,
1;2;11;12198;1-11,
0;2;6;12201;1-6,
1;2;14;12204;1-14,
0;2;2;12208;1-2,
1;0;7;12211;1-7,
1;2;11;12211;1-11,
2;1;21;12214;1-21,
1;2;5;12215;1-5,
1;0;5;12216;1-5,
1;2;7;12226;1-7,
1;2;10;12229;1-10,
1;0;4;12231;1-4,
0;2;2;12233;1-2,
1;0;8;12245;1-8,
1;2;11;12266;1-11,
1;2;5;12268;1-5,
1;0;4;12271;1-4,
2;1;6;12272;1-6,
0;2;6;12276;1-6,
2;1;11;12277;1-11,
0;2;3;12281;1-3,
2;1;4;12285;1-4,
1;2;11;12303;1-11,
0;2;5;12310;1-5,
0;2;3;12323;1-3,
1;2;8;12334;1-8,
0;2;5;12337;1-5,
2;1;11;12353;1-11,
1;0;7;12359;1-7,
2;1;14;12362;1-14,
2;1;12;12377;1-12,
0;2;4;12378;1-4,
0;2;6;12384;1-6,
0;2;5;12385;1-5,
0;2;7;12386;1-7,
2;1;11;12412;1-11,
1;0;4;12417;1-4,
0;2;7;12424;1-7,
1;0;5;12426;1-5,
1;0;8;12430;1-8,
1;0;2;12434;1-2,
1;0;3;12436;1-3,
1;2;8;12457;1-8,
1;2;15;12470;1-15,
1;0;3;12473;1-3,
0;2;5;12481;1-5,
1;2;7;12481;1-7,
1;0;4;12482;1-4,
1;0;7;12487;1-7,
1;2;8;12489;1-8,
1;2;8;12500;1-8,
1;2;9;12510;1-9,
1;2;10;12519;1-10,
1;2;7;12520;1-7,
2;1;6;12522;1-6,
1;0;5;12527;1-5,
1;0;6;12529;1-6,
2;1;7;12538;1-7,
1;2;11;12542;1-11,
1;0;4;12548;1-4,
0;2;4;12555;1-4,
0;2;6;12559;1-6,
2;1;11;12559;1-11,
1;0;5;12562;1-5,
1;2;10;12567;1-10,
1;2;13;12574;1-13,
1;0;4;12575;1-4,
0;2;9;12580;1-9,
1;0;8;12583;1-8,
1;2;5;12589;1-5,
1;0;5;12597;1-5,
1;2;9;12610;1-9,
0;2;7;12611;1-7,
2;1;7;12617;1-7,
2;1;7;12620;1-7,
0;2;6;12621;1-6,
2;1;7;12630;1-7,
1;2;8;12631;1-8,
2;1;9;12631;1-9,
0;2;7;12644;1-7,
1;0;6;12652;1-6,
1;2;7;12654;1-7,
0;2;2;12656;1-2,
1;0;4;12662;1-4,
0;2;8;12665;1-8,
2;1;6;12665;1-6,
0;2;4;12669;1-4,
1;0;8;12673;1-8,
1;2;10;12678;1-10,
0;2;6;12679;1-6,
1;0;4;12688;1-4,
2;1;8;12696;1-8,
2;1;7;12699;1-7,
1;0;1;12701;1-1,
0;2;5;12704;1-5,
1;0;7;12704;1-7,
0;2;6;12706;1-6,
1;0;7;12706;1-7,
1;2;12;12706;1-12,
0;2;3;12709;1-3,
2;1;7;12715;1-7,
2;1;10;12719;1-10,
1;2;17;12727;1-17,
1;0;7;12734;1-7,
1;0;6;12737;1-6,
2;1;7;12738;1-7,
1;0;3;12745;1-3,
2;1;5;12755;1-5,
2;1;7;12758;1-7,
0;2;2;12763;1-2,
2;1;11;12771;1-11,
0;2;3;12774;1-3,
0;2;5;12780;1-5,
0;2;1;12781;1-1,
0;2;3;12783;1-3,
1;2;8;12798;1-8,
1;0;2;12808;1-2,
1;2;10;12811;1-10,
0;2;1;12812;1-1,
1;0;4;12824;1-4,
1;0;6;12833;1-6,
1;2;9;12834;1-9,
1;0;2;12853;1-2,
1;2;21;12853;1-21,
2;1;10;12857;1-10,
0;2;3;12858;1-3,
1;0;6;12858;1-6,
2;1;5;12863;1-5,
1;0;7;12864;1-7,
1;2;14;12864;1-14,
1;0;4;12868;1-4,
0;2;6;12871;1-6,
1;0;5;12877;1-5,
1;0;4;12890;1-4,
0;2;9;12898;1-9,
1;0;8;12899;1-8,
1;2;8;12899;1-8,
1;0;5;12908;1-5,
0;2;2;12912;1-2,
0;2;6;12925;1-6,
0;2;5;12926;1-5,
2;1;11;12932;1-11,
0;2;5;12938;1-5,
1;2;17;12949;1-17,
1;0;10;12965;1-10,
2;1;14;12971;1-14,
1;0;3;12983;1-3,
1;0;8;12989;1-8,
2;1;10;12991;1-10,
1;2;7;12992;1-7,
1;2;13;12995;1-13,
2;1;6;12997;1-6,
0;2;6;12999;1-6,
1;0;7;13001;1-7,
1;2;8;13005;1-8,
1;2;14;13006;1-14,
1;0;4;13009;1-4,
1;2;11;13020;1-11,
2;1;11;13020;1-11,
1;2;13;13022;1-13,
0;2;8;13023;1-8,
0;2;5;13024;1-5,
0;2;7;13027;1-7,
0;2;5;13029;1-5,
1;0;7;13029;1-7,
2;1;16;13036;1-16,
0;2;7;13043;1-7,
1;2;5;13044;1-5,
2;1;5;13053;1-5,
1;0;2;13054;1-2,
1;2;12;13054;1-12,
2;1;6;13055;1-6,
0;2;6;13065;1-6,
1;2;11;13076;1-11,
1;0;6;13094;1-6,
1;0;5;13096;1-5,
1;0;7;13098;1-7,
1;0;5;13099;1-5,
0;2;8;13107;1-8,
1;2;9;13109;1-9,
1;2;15;13117;1-15,
2;1;12;13117;1-12,
1;2;11;13123;1-11,
0;2;4;13141;1-4,
2;1;10;13142;1-10,
1;2;6;13146;1-6,
0;2;5;13147;1-5,
0;2;6;13167;1-6,
1;0;8;13170;1-8,
2;1;18;13173;1-18,
1;2;9;13175;1-9,
0;2;3;13177;1-3,
0;2;3;13179;1-3,
1;2;8;13181;1-8,
0;2;6;13183;1-6,
2;1;13;13185;1-13,
1;0;4;13189;1-4,
0;2;5;13192;1-5,
0;2;6;13199;1-6,
1;2;8;13217;1-8,
2;1;9;13219;1-9,
0;2;3;13223;1-3,
1;2;9;13223;1-9,
1;0;1;13230;1-1,
1;0;7;13234;1-7,
1;2;10;13236;1-10,
2;1;8;13236;1-8,
1;0;5;13245;1-5,
2;1;10;13252;1-10,
1;2;10;13263;1-10,
1;0;6;13264;1-6,
1;2;13;13290;1-13,
1;0;4;13294;1-4,
1;2;11;13297;1-11,
0;2;4;13301;1-4,
1;2;8;13314;1-8,
0;2;5;13317;1-5,
1;0;4;13324;1-4,
1;2;8;13327;1-8,
2;1;11;13327;1-11,
1;2;9;13329;1-9,
1;2;13;13332;1-13,
1;2;10;13333;1-10,
2;1;7;13337;1-7,
1;2;8;13339;1-8,
2;1;3;13341;1-3,
0;2;7;13350;1-7,
0;2;4;13352;1-4,
1;0;3;13352;1-3,
0;2;2;13363;1-2,
1;0;9;13364;1-9,
2;1;14;13369;1-14,
1;2;9;13371;1-9,
0;2;5;13382;1-5,
1;2;13;13384;1-13,
2;1;8;13384;1-8,
2;1;11;13387;1-11,
1;2;6;13395;1-6,
2;1;6;13398;1-6,
1;0;5;13400;1-5,
1;0;5;13401;1-5,
1;0;4;13407;1-4,
1;0;6;13414;1-6,
1;2;9;13421;1-9,
0;2;2;13433;1-2,
1;2;9;13448;1-9,
2;1;8;13452;1-8,
1;0;2;13458;1-2,
1;0;8;13465;1-8,
1;2;8;13466;1-8,
1;0;3;13469;1-3,
0;2;8;13475;1-8,
0;2;3;13499;1-3,
1;0;8;13502;1-8,
1;2;11;13504;1-11,
0;2;5;13514;1-5,
1;0;11;13518;1-11,
0;2;5;13526;1-5,
0;2;1;13547;1-1,
1;0;8;13550;1-8,
1;2;12;13555;1-12,
2;1;8;13561;1-8,
0;2;6;13583;1-6,
1;2;11;13584;1-11,
1;2;13;13590;1-13,
2;1;8;13590;1-8,
2;1;10;13591;1-10,
2;1;9;13601;1-9,
0;2;2;13604;1-2,
1;0;2;13617;1-2,
0;2;2;13622;1-2,
1;2;6;13622;1-6,
1;2;9;13638;1-9,
1;0;2;13640;1-2,
1;0;2;13658;1-2,
1;2;7;13662;1-7,
1;0;5;13675;1-5,
0;2;3;13680;1-3,
1;2;10;13683;1-10,
0;2;2;13685;1-2,
1;0;2;13688;1-2,
1;0;9;13689;1-9,
1;2;13;13691;1-13,
2;1;11;13703;1-11,
1;2;6;13705;1-6,
1;0;9;13707;1-9,
2;1;17;13707;1-17,
0;2;2;13709;1-2,
0;2;8;13720;1-8,
1;0;3;13722;1-3,
2;1;11;13726;1-11,
1;0;1;13732;1-1,
0;2;6;13734;1-6,
1;2;12;13745;1-12,
0;2;7;13747;1-7,
0;2;3;13753;1-3,
2;1;5;13754;1-5,
2;1;12;13756;1-12,
2;1;10;13757;1-10,
1;0;2;13762;1-2,
0;2;2;13766;1-2,
1;2;15;13766;1-15,
1;0;3;13770;1-3,
2;1;9;13770;1-9,
1;2;13;13773;1-13,
2;1;10;13781;1-10,
2;1;10;13782;1-10,
0;2;4;13788;1-4,
1;2;18;13788;1-18,
2;1;9;13789;1-9,
1;0;5;13790;1-5,
1;0;9;13792;1-9,
0;2;7;13804;1-7,
2;1;17;13813;1-17,
0;2;6;13824;1-6,
0;2;4;13827;1-4,
1;2;8;13853;1-8,
1;0;6;13854;1-6,
1;2;12;13861;1-12,
1;2;10;13864;1-10,
0;2;8;13868;1-8,
1;0;6;13869;1-6,
1;2;12;13876;1-12,
1;2;9;13911;1-9,
2;1;12;13915;1-12,
0;2;9;13921;1-9,
0;2;10;13930;1-10,
0;2;1;13934;1-1,
0;2;1;13937;1-1,
0;2;3;13943;1-3,
0;2;4;13947;1-4,
2;1;11;13948;1-11,
1;2;9;13963;1-9,
2;1;12;13966;1-12,
0;2;4;13969;1-4,
0;2;1;13974;1-1,
1;0;6;13974;1-6,
2;1;5;13979;1-5,
2;1;15;13985;1-15,
1;0;6;13999;1-6,
2;1;12;14001;1-12,
1;0;7;14002;1-7,
1;2;8;14005;1-8,
1;2;10;14007;1-10,
2;1;16;14012;1-16,
1;2;9;14020;1-9,
2;1;16;14020;1-16,
1;0;2;14026;1-2,
1;0;5;14038;1-5,
1;0;5;14039;1-5,
1;0;8;14043;1-8,
0;2;4;14045;1-4,
1;0;9;14045;1-9,
1;0;3;14051;1-3,
1;0;7;14058;1-7,
1;2;11;14058;1-11,
0;2;2;14064;1-2,
0;2;6;14070;1-6,
0;2;3;14073;1-3,
2;1;11;14085;1-11,
0;2;6;14086;1-6,
1;0;5;14093;1-5,
2;1;7;14093;1-7,
2;1;7;14096;1-7,
1;0;10;14098;1-10,
1;2;9;14100;1-9,
1;2;11;14119;1-11,
0;2;5;14120;1-5,
1;0;9;14128;1-9,
2;1;10;14129;1-10,
0;2;5;14131;1-5,
1;0;3;14133;1-3,
1;2;14;14143;1-14,
1;2;16;14146;1-16,
1;2;12;14152;1-12,
1;2;13;14158;1-13,
1;2;15;14161;1-15,
1;2;7;14177;1-7,
2;1;6;14177;1-6,
1;0;6;14178;1-6,
1;2;14;14178;1-14,
1;2;8;14181;1-8,
1;0;2;14184;1-2,
1;2;10;14186;1-10,
2;1;10;14186;1-10,
1;2;13;14189;1-13,
1;0;3;14194;1-3,
1;2;8;14195;1-8,
1;0;6;14196;1-6,
1;0;6;14203;1-6,
1;0;6;14205;1-6,
1;0;6;14215;1-6,
2;1;13;14215;1-13,
1;0;8;14216;1-8,
1;2;8;14218;1-8,
1;2;7;14219;1-7,
2;1;11;14227;1-11,
1;2;7;14240;1-7,
1;0;3;14241;1-3,
0;2;6;14244;1-6,
2;1;9;14246;1-9,
2;1;13;14248;1-13,
2;1;7;14252;1-7,
1;2;10;14253;1-10,
1;2;12;14254;1-12,
2;1;6;14262;1-6,
2;1;18;14264;1-18,
0;2;3;14269;1-3,
0;2;3;14271;1-3,
1;0;3;14275;1-3,
2;1;10;14278;1-10,
2;1;10;14279;1-10,
0;2;2;14282;1-2,
0;2;4;14285;1-4,
1;2;12;14290;1-12,
1;2;15;14291;1-15,
0;2;3;14298;1-3,
1;2;10;14302;1-10,
0;2;5;14304;1-5,
1;0;10;14304;1-10,
0;2;4;14306;1-4,
2;1;9;14307;1-9,
0;2;6;14308;1-6,
2;1;7;14311;1-7,
0;2;2;14316;1-2,
1;0;8;14321;1-8,
2;1;8;14323;1-8,
1;0;6;14334;1-6,
2;1;4;14334;1-4,
2;1;10;14342;1-10,
2;1;9;14353;1-9,
1;0;5;14379;1-5,
1;2;15;14388;1-15,
1;0;5;14390;1-5,
2;1;11;14395;1-11,
2;1;17;14400;1-17,
1;0;2;14409;1-2,
1;0;6;14414;1-6,
0;2;5;14415;1-5,
0;2;1;14416;1-1,
0;2;3;14417;1-3,
1;0;6;14424;1-6,
2;1;9;14426;1-9,
1;0;9;14444;1-9,
2;1;13;14445;1-13,
2;1;10;14447;1-10,
0;2;5;14449;1-5,
0;2;9;14450;1-9,
1;2;12;14457;1-12,
1;2;12;14459;1-12,
1;2;14;14461;1-14,
1;2;8;14463;1-8,
1;2;10;14464;1-10,
1;0;4;14467;1-4,
1;2;17;14480;1-17,
1;0;3;14481;1-3,
1;0;6;14490;1-6,
0;2;6;14491;1-6,
1;0;2;14502;1-2,
2;1;13;14506;1-13,
2;1;13;14507;1-13,
1;2;9;14508;1-9,
0;2;2;14509;1-2,
1;2;11;14515;1-11,
0;2;5;14520;1-5,
2;1;6;14520;1-6,
0;2;5;14535;1-5,
1;2;12;14538;1-12,
1;2;10;14540;1-10,
0;2;2;14542;1-2,
1;0;5;14542;1-5,
2;1;10;14555;1-10,
1;0;1;14556;1-1,
0;2;4;14567;1-4,
1;0;4;14572;1-4,
0;2;8;14573;1-8,
1;0;6;14574;1-6,
2;1;6;14577;1-6,
1;0;3;14587;1-3,
1;0;7;14593;1-7,
1;0;6;14601;1-6,
2;1;5;14608;1-5,
1;2;8;14627;1-8,
1;2;6;14630;1-6,
2;1;16;14637;1-16,
0;2;1;14645;1-1,
1;2;11;14645;1-11,
1;0;5;14657;1-5,
1;2;8;14657;1-8,
1;0;3;14659;1-3,
1;0;6;14669;1-6,
1;0;5;14675;1-5,
1;2;12;14675;1-12,
2;1;8;14682;1-8,
0;2;8;14702;1-8,
1;0;6;14706;1-6,
1;2;11;14709;1-11,
1;2;10;14712;1-10,
0;2;4;14713;1-4,
1;0;6;14721;1-6,
1;0;6;14722;1-6,
1;2;8;14725;1-8,
1;0;3;14731;1-3,
2;1;11;14731;1-11,
1;2;13;14738;1-13,
2;1;13;14740;1-13,
0;2;4;14750;1-4,
1;0;4;14752;1-4,
1;2;9;14756;1-9,
2;1;6;14762;1-6,
0;2;6;14765;1-6,
2;1;10;14768;1-10,
0;2;8;14773;1-8,
1;0;4;14780;1-4,
1;0;6;14785;1-6,
1;2;13;14789;1-13,
1;0;4;14790;1-4,
1;0;5;14794;1-5,
1;2;8;14796;1-8,
1;0;5;14799;1-5,
2;1;9;14801;1-9,
1;0;2;14809;1-2,
0;2;1;14817;1-1,
1;2;11;14818;1-11,
0;2;3;14822;1-3,
2;1;7;14826;1-7,
1;2;11;14829;1-11,
1;2;12;14833;1-12,
0;2;10;14838;1-10,
1;0;3;14840;1-3,
2;1;4;14849;1-4,
1;2;6;14851;1-6,
2;1;10;14864;1-10,
2;1;9;14879;1-9,
1;2;14;14882;1-14,
2;1;6;14885;1-6,
2;1;8;14891;1-8,
0;2;7;14899;1-7,
0;2;3;14904;1-3,
0;2;5;14916;1-5,
1;0;4;14930;1-4,
0;2;2;14931;1-2,
1;2;10;14938;1-10,
0;2;3;14942;1-3,
1;2;9;14948;1-9,
0;2;3;14951;1-3,
0;2;6;14958;1-6,
1;2;12;14961;1-12,
0;2;6;14964;1-6,
1;0;3;14965;1-3,
0;2;7;14972;1-7,
0;2;2;14973;1-2,
1;0;9;14976;1-9,
1;2;13;14995;1-13,
0;2;6;15005;1-6,
0;2;6;15013;1-6,
0;2;4;15019;1-4,
1;0;3;15019;1-3,
2;1;16;15035;1-16,
2;1;10;15037;1-10,
1;0;3;15048;1-3,
1;0;1;15056;1-1,
1;2;12;15060;1-12,
1;2;9;15075;1-9,
0;2;8;15077;1-8,
0;2;6;15082;1-6,
2;1;10;15082;1-10,
1;2;11;15083;1-11,
1;0;5;15094;1-5,
0;2;3;15099;1-3,
1;2;11;15100;1-11,
1;0;5;15102;1-5,
0;2;7;15108;1-7,
0;2;4;15110;1-4,
1;0;8;15111;1-8,
2;1;9;15115;1-9,
1;2;9;15123;1-9,
0;2;6;15138;1-6,
1;2;13;15140;1-13,
2;1;6;15152;1-6,
0;2;4;15156;1-4,
0;2;4;15159;1-4,
0;2;6;15161;1-6,
2;1;13;15165;1-13,
1;0;6;15178;1-6,
1;2;9;15191;1-9,
1;2;7;15192;1-7,
1;2;8;15199;1-8,
2;1;13;15199;1-13,
1;0;3;15202;1-3,
2;1;13;15203;1-13,
0;2;3;15206;1-3,
1;0;4;15210;1-4,
2;1;6;15212;1-6,
1;2;10;15215;1-10,
1;2;7;15224;1-7,
2;1;12;15224;1-12,
2;1;12;15231;1-12,
2;1;14;15233;1-14,
2;1;10;15240;1-10,
0;2;3;15241;1-3,
1;2;8;15241;1-8,
1;0;5;15244;1-5,
0;2;2;15245;1-2,
2;1;6;15246;1-6,
1;2;12;15250;1-12,
1;2;8;15284;1-8,
0;2;3;15291;1-3,
1;0;7;15292;1-7,
1;2;12;15299;1-12,
0;2;8;15303;1-8,
0;2;5;15307;1-5,
0;2;6;15313;1-6,
1;0;9;15317;1-9,
2;1;10;15330;1-10,
2;1;11;15342;1-11,
1;2;12;15347;1-12,
2;1;11;15348;1-11,
2;1;12;15350;1-12,
1;0;4;15354;1-4,
0;2;6;15362;1-6,
2;1;11;15362;1-11,
1;2;13;15374;1-13,
2;1;8;15377;1-8,
1;0;2;15394;1-2,
2;1;13;15396;1-13,
0;2;3;15402;1-3,
2;1;6;15408;1-6,
0;2;5;15414;1-5,
0;2;6;15415;1-6,
2;1;11;15415;1-11,
2;1;4;15420;1-4,
1;0;4;15424;1-4,
2;1;7;15427;1-7,
1;0;8;15440;1-8,
2;1;9;15441;1-9,
1;2;11;15445;1-11,
2;1;9;15445;1-9,
1;0;5;15455;1-5,
0;2;4;15459;1-4,
0;2;6;15471;1-6,
2;1;11;15471;1-11,
1;2;11;15474;1-11,
1;2;5;15485;1-5,
0;2;6;15486;1-6,
1;2;6;15487;1-6,
2;1;8;15497;1-8,
0;2;8;15503;1-8,
1;2;6;15507;1-6,
1;2;12;15509;1-12,
2;1;8;15509;1-8,
1;2;10;15510;1-10,
1;0;5;15520;1-5,
0;2;6;15521;1-6,
2;1;12;15523;1-12,
1;2;8;15529;1-8,
0;2;6;15534;1-6,
1;2;12;15544;1-12,
2;1;6;15547;1-6,
1;2;19;15553;1-19,
0;2;3;15557;1-3,
1;0;4;15564;1-4,
0;2;7;15568;1-7,
0;2;3;15572;1-3,
2;1;11;15573;1-11,
0;2;4;15578;1-4,
1;2;8;15578;1-8,
1;0;6;15590;1-6,
1;0;3;15593;1-3,
2;1;14;15593;1-14,
1;0;10;15594;1-10,
2;1;13;15594;1-13,
1;2;8;15596;1-8,
0;2;6;15605;1-6,
0;2;4;15609;1-4,
1;2;11;15611;1-11,
0;2;6;15613;1-6,
2;1;6;15618;1-6,
1;0;2;15619;1-2,
0;2;5;15620;1-5,
0;2;5;15629;1-5,
0;2;6;15639;1-6,
2;1;13;15642;1-13,
1;2;11;15643;1-11,
1;0;6;15645;1-6,
0;2;6;15646;1-6,
0;2;3;15651;1-3,
0;2;3;15657;1-3,
0;2;9;15663;1-9,
0;2;9;15664;1-9,
2;1;8;15666;1-8,
1;2;10;15668;1-10,
2;1;8;15671;1-8,
0;2;3;15679;1-3,
1;2;9;15687;1-9,
0;2;2;15693;1-2,
1;2;8;15698;1-8,
0;2;6;15699;1-6,
2;1;8;15699;1-8,
0;2;4;15709;1-4,
1;2;12;15712;1-12,
0;2;5;15713;1-5,
2;1;20;15716;1-20,
0;2;5;15717;1-5,
0;2;4;15719;1-4,
1;0;4;15723;1-4,
1;0;6;15727;1-6,
2;1;13;15733;1-13,
1;0;6;15734;1-6,
0;2;4;15738;1-4,
1;2;15;15751;1-15,
1;0;4;15758;1-4,
1;2;15;15759;1-15,
1;2;6;15785;1-6,
2;1;10;15803;1-10,
1;0;4;15804;1-4,
1;2;9;15812;1-9,
1;2;8;15817;1-8,
1;0;6;15818;1-6,
2;1;7;15818;1-7,
2;1;8;15821;1-8,
0;2;7;15826;1-7,
0;2;5;15838;1-5,
0;2;7;15839;1-7,
1;2;5;15855;1-5,
0;2;6;15857;1-6,
1;2;13;15858;1-13,
1;0;4;15863;1-4,
1;2;12;15864;1-12,
2;1;8;15868;1-8,
0;2;3;15871;1-3,
1;0;4;15886;1-4,
1;2;8;15886;1-8,
0;2;6;15890;1-6,
2;1;6;15891;1-6,
0;2;5;15897;1-5,
2;1;9;15901;1-9,
1;2;12;15907;1-12,
0;2;4;15910;1-4,
0;2;7;15911;1-7,
0;2;10;15914;1-10,
2;1;6;15914;1-6,
0;2;6;15917;1-6,
1;2;14;15918;1-14,
0;2;5;15923;1-5,
2;1;9;15924;1-9,
2;1;10;15928;1-10,
1;2;7;15941;1-7,
0;2;6;15951;1-6,
1;0;3;15952;1-3,
2;1;14;15955;1-14,
1;2;3;15956;1-3,
2;1;9;15970;1-9,
1;2;15;15971;1-15,
0;2;4;15974;1-4,
0;2;5;15978;1-5,
1;2;8;15978;1-8,
0;2;9;15983;1-9,
1;2;13;15986;1-13,
2;1;6;15988;1-6,
1;0;8;15991;1-8,
2;1;14;15995;1-14,
0;2;3;16007;1-3,
0;2;6;16015;1-6,
2;1;10;16019;1-10,
1;2;5;16028;1-5,
1;2;10;16039;1-10,
1;2;13;16050;1-13,
0;2;7;16053;1-7,
1;2;11;16055;1-11,
2;1;7;16058;1-7,
0;2;5;16059;1-5,
2;1;7;16062;1-7,
0;2;6;16065;1-6,
1;0;4;16070;1-4,
2;1;9;16075;1-9,
0;2;4;16082;1-4,
1;2;5;16082;1-5,
1;0;4;16089;1-4,
1;0;7;16090;1-7,
1;2;17;16106;1-17,
1;0;3;16118;1-3,
0;2;4;16123;1-4,
0;2;7;16127;1-7,
2;1;11;16142;1-11,
2;1;14;16148;1-14,
2;1;10;16151;1-10,
1;0;7;16158;1-7,
2;1;16;16160;1-16,
2;1;7;16171;1-7,
0;2;5;16180;1-5,
1;0;4;16183;1-4,
0;2;7;16184;1-7,
1;2;6;16185;1-6,
2;1;12;16195;1-12,
2;1;17;16201;1-17,
1;0;3;16203;1-3,
2;1;10;16204;1-10,
1;2;8;16209;1-8,
1;2;11;16216;1-11,
0;2;11;16221;1-11,
2;1;10;16222;1-10,
0;2;4;16225;1-4,
2;1;7;16226;1-7,
1;0;2;16228;1-2,
0;2;9;16238;1-9,
2;1;9;16243;1-9,
2;1;12;16246;1-12,
0;2;1;16267;1-1,
0;2;5;16268;1-5,
0;2;5;16271;1-5,
0;2;2;16275;1-2,
1;2;12;16282;1-12,
1;2;13;16284;1-13,
0;2;3;16285;1-3,
0;2;6;16291;1-6,
1;2;12;16294;1-12,
0;2;5;16298;1-5,
2;1;10;16314;1-10,
1;2;5;16316;1-5,
2;1;7;16318;1-7,
2;1;12;16320;1-12,
2;1;14;16322;1-14,
1;0;4;16324;1-4,
2;1;10;16330;1-10,
0;2;5;16341;1-5,
1;0;6;16352;1-6,
0;2;6;16353;1-6,
1;2;13;16353;1-13,
1;0;10;16360;1-10,
1;2;12;16360;1-12,
0;2;2;16362;1-2,
0;2;6;16364;1-6,
1;2;7;16366;1-7,
0;2;6;16369;1-6,
1;2;6;16369;1-6,
0;2;10;16370;1-10,
0;2;5;16373;1-5,
2;1;15;16373;1-15,
0;2;10;16377;1-10,
0;2;4;16378;1-4,
0;2;3;16382;1-3,
1;0;6;16382;1-6,
2;1;7;16386;1-7,
1;0;6;16388;1-6,
0;2;4;16391;1-4,
2;1;10;16395;1-10,
0;2;4;16398;1-4,
1;2;14;16399;1-14,
1;0;4;16400;1-4,
0;2;4;16404;1-4,
2;1;8;16407;1-8,
1;0;8;16410;1-8,
1;2;14;16424;1-14,
1;2;9;16439;1-9,
2;1;8;16439;1-8,
1;2;6;16442;1-6,
0;2;6;16444;1-6,
2;1;13;16444;1-13,
0;2;7;16449;1-7,
1;2;12;16457;1-12,
1;2;11;16459;1-11,
0;2;5;16461;1-5,
1;0;4;16463;1-4,
0;2;2;16465;1-2,
2;1;7;16468;1-7,
0;2;3;16493;1-3,
1;2;6;16497;1-6,
0;2;7;16499;1-7,
2;1;12;16500;1-12,
2;1;8;16504;1-8,
0;2;6;16506;1-6,
1;0;6;16508;1-6,
2;1;9;16510;1-9,
0;2;4;16512;1-4,
1;2;11;16529;1-11,
0;2;5;16537;1-5,
1;2;14;16541;1-14,
1;0;8;16543;1-8,
1;2;12;16553;1-12,
1;2;12;16556;1-12,
0;2;5;16565;1-5,
2;1;12;16565;1-12,
0;2;5;16574;1-5,
2;1;8;16574;1-8,
2;1;13;16576;1-13,
1;0;5;16579;1-5,
1;2;14;16580;1-14,
1;0;7;16587;1-7,
2;1;12;16591;1-12,
1;2;5;16592;1-5,
1;2;8;16595;1-8,
0;2;4;16598;1-4,
0;2;8;16605;1-8,
1;2;11;16606;1-11,
0;2;8;16616;1-8,
0;2;6;16627;1-6,
1;2;9;16633;1-9,
1;0;7;16648;1-7,
2;1;3;16661;1-3,
1;2;12;16680;1-12,
1;2;9;16686;1-9,
0;2;5;16690;1-5,
0;2;4;16701;1-4,
0;2;7;16703;1-7,
1;0;9;16711;1-9,
0;2;6;16718;1-6,
1;2;12;16720;1-12,
2;1;10;16720;1-10,
2;1;12;16734;1-12,
0;2;7;16742;1-7,
2;1;10;16747;1-10,
1;0;5;16758;1-5,
1;0;3;16760;1-3,
0;2;2;16761;1-2,
0;2;4;16764;1-4,
0;2;5;16767;1-5,
1;0;3;16769;1-3,
0;2;6;16771;1-6,
2;1;6;16772;1-6,
2;1;8;16783;1-8,
2;1;5;16789;1-5,
0;2;9;16790;1-9,
0;2;4;16800;1-4,
1;0;8;16807;1-8,
2;1;10;16819;1-10,
1;2;6;16820;1-6,
0;2;5;16829;1-5,
1;0;3;16832;1-3,
0;2;2;16837;1-2,
0;2;4;16845;1-4,
1;0;3;16848;1-3,
1;0;3;16853;1-3,
0;2;1;16854;1-1,
0;2;6;16859;1-6,
1;0;1;16867;1-1,
1;0;4;16871;1-4,
2;1;6;16872;1-6,
1;0;5;16873;1-5,
1;2;16;16880;1-16,
1;0;3;16884;1-3,
0;2;3;16889;1-3,
1;0;5;16896;1-5,
1;0;3;16901;1-3,
1;2;11;16905;1-11,
0;2;6;16911;1-6,
1;2;8;16913;1-8,
1;2;16;16914;1-16,
1;0;3;16921;1-3,
1;2;8;16923;1-8,
1;2;15;16931;1-15,
1;2;12;16941;1-12,
1;0;9;16942;1-9,
0;2;7;16947;1-7,
1;2;14;16948;1-14,
2;1;9;16956;1-9,
1;2;13;16970;1-13,
1;0;5;16985;1-5,
1;0;6;16993;1-6,
0;2;6;16998;1-6,
1;0;4;17000;1-4,
2;1;7;17006;1-7,
0;2;8;17014;1-8,
1;0;10;17018;1-10,
1;0;1;17024;1-1,
1;2;5;17024;1-5,
1;0;5;17028;1-5,
1;2;9;17034;1-9,
0;2;5;17037;1-5,
0;2;5;17039;1-5,
1;0;2;17042;1-2,
2;1;13;17049;1-13,
1;2;9;17050;1-9,
1;2;11;17052;1-11,
1;0;8;17080;1-8,
1;0;8;17082;1-8,
2;1;16;17082;1-16,
1;0;5;17084;1-5,
0;2;4;17088;1-4,
1;2;4;17104;1-4,
2;1;3;17104;1-3,
0;2;1;17109;1-1,
1;0;2;17109;1-2,
1;0;2;17114;1-2,
1;0;3;17118;1-3,
0;2;4;17122;1-4,
1;0;3;17129;1-3,
1;2;10;17130;1-10,
2;1;19;17130;1-19,
2;1;10;17132;1-10,
1;2;12;17138;1-12,
1;2;14;17140;1-14,
1;0;3;17143;1-3,
2;1;10;17151;1-10,
0;2;6;17153;1-6,
0;2;5;17155;1-5,
2;1;12;17156;1-12,
0;2;3;17157;1-3,
1;2;8;17160;1-8,
2;1;11;17162;1-11,
0;2;6;17168;1-6,
2;1;9;17170;1-9,
1;2;16;17174;1-16,
0;2;5;17176;1-5,
0;2;7;17181;1-7,
1;0;5;17195;1-5,
2;1;9;17196;1-9,
0;2;2;17197;1-2,
1;2;7;17201;1-7,
1;2;21;17202;1-21,
1;2;9;17203;1-9,
2;1;7;17203;1-7,
0;2;5;17205;1-5,
2;1;12;17210;1-12,
0;2;7;17212;1-7,
0;2;6;17219;1-6,
0;2;4;17222;1-4,
2;1;14;17230;1-14,
2;1;9;17249;1-9,
1;2;9;17271;1-9,
1;0;5;17296;1-5,
1;2;12;17299;1-12,
0;2;3;17310;1-3,
1;2;10;17314;1-10,
2;1;14;17316;1-14,
2;1;11;17323;1-11,
1;2;9;17332;1-9,
0;2;5;17337;1-5,
0;2;8;17339;1-8,
2;1;13;17340;1-13,
0;2;5;17341;1-5,
1;0;4;17341;1-4,
2;1;6;17348;1-6,
0;2;3;17350;1-3,
1;2;8;17350;1-8,
0;2;8;17358;1-8,
1;2;10;17359;1-10,
1;0;1;17361;1-1,
2;1;10;17368;1-10,
1;0;9;17370;1-9,
2;1;8;17377;1-8,
1;2;12;17382;1-12,
1;0;7;17383;1-7,
1;0;4;17387;1-4,
2;1;11;17391;1-11,
1;0;3;17396;1-3,
0;2;5;17397;1-5,
2;1;16;17398;1-16,
1;0;3;17410;1-3,
0;2;5;17412;1-5,
1;2;4;17416;1-4,
1;2;7;17437;1-7,
1;0;7;17444;1-7,
2;1;12;17458;1-12,
1;2;15;17465;1-15,
0;2;4;17470;1-4,
1;2;3;17473;1-3,
0;2;7;17479;1-7,
2;1;9;17483;1-9,
0;2;6;17484;1-6,
1;0;4;17487;1-4,
0;2;3;17493;1-3,
0;2;8;17494;1-8,
0;2;7;17495;1-7,
1;2;9;17497;1-9,
0;2;2;17499;1-2,
1;0;4;17508;1-4,
0;2;7;17512;1-7,
2;1;6;17519;1-6,
1;0;4;17534;1-4,
0;2;2;17535;1-2,
1;0;6;17537;1-6,
1;2;7;17539;1-7,
0;2;5;17543;1-5,
1;0;6;17544;1-6,
1;0;2;17569;1-2,
0;2;3;17576;1-3,
2;1;9;17576;1-9,
2;1;10;17577;1-10,
1;2;8;17580;1-8,
0;2;3;17589;1-3,
1;2;9;17592;1-9,
1;0;7;17600;1-7,
0;2;5;17601;1-5,
1;2;13;17605;1-13,
0;2;3;17609;1-3,
0;2;6;17612;1-6,
0;2;3;17617;1-3,
0;2;3;17625;1-3,
1;2;10;17625;1-10,
0;2;6;17637;1-6,
0;2;4;17647;1-4,
1;2;6;17652;1-6,
2;1;9;17653;1-9,
0;2;4;17662;1-4,
0;2;5;17663;1-5,
0;2;5;17665;1-5,
1;2;13;17666;1-13,
0;2;12;17668;1-12,
2;1;6;17680;1-6,
1;2;4;17695;1-4,
1;0;1;17698;1-1,
1;0;3;17699;1-3,
1;2;8;17701;1-8,
1;0;3;17702;1-3,
2;1;5;17709;1-5,
0;2;5;17710;1-5,
2;1;7;17713;1-7,
0;2;5;17725;1-5,
0;2;4;17729;1-4,
1;0;7;17739;1-7,
1;0;6;17746;1-6,
1;2;10;17781;1-10,
2;1;10;17784;1-10,
1;0;3;17785;1-3,
1;2;12;17797;1-12,
0;2;6;17806;1-6,
1;2;9;17812;1-9,
2;1;5;17815;1-5,
0;2;4;17816;1-4,
1;2;7;17818;1-7,
1;0;10;17819;1-10,
1;2;9;17819;1-9,
2;1;11;17827;1-11,
2;1;10;17830;1-10,
1;2;13;17833;1-13,
1;0;3;17834;1-3,
1;0;9;17837;1-9,
1;0;5;17853;1-5,
1;2;11;17859;1-11,
0;2;8;17873;1-8,
1;0;7;17882;1-7,
2;1;18;17883;1-18,
2;1;8;17887;1-8,
0;2;1;17888;1-1,
1;2;11;17895;1-11,
1;0;3;17899;1-3,
0;2;3;17900;1-3,
1;2;11;17907;1-11,
1;0;5;17909;1-5,
2;1;9;17915;1-9,
1;2;9;17918;1-9,
1;0;3;17920;1-3,
2;1;11;17920;1-11,
2;1;7;17931;1-7,
1;0;1;17943;1-1,
1;2;9;17965;1-9,
1;2;13;17968;1-13,
2;1;11;17977;1-11,
0;2;9;17997;1-9,
1;2;13;17999;1-13,
1;2;8;18000;1-8,
0;2;4;18002;1-4,
0;2;5;18016;1-5,
0;2;5;18017;1-5,
0;2;2;18019;1-2,
1;2;11;18019;1-11,
0;2;1;18020;1-1,
1;0;6;18021;1-6,
1;0;4;18029;1-4,
2;1;5;18029;1-5,
1;0;4;18044;1-4,
1;2;8;18045;1-8,
2;1;11;18058;1-11,
0;2;7;18065;1-7,
2;1;10;18066;1-10,
0;2;3;18072;1-3,
1;2;11;18091;1-11,
2;1;8;18095;1-8,
0;2;3;18109;1-3,
2;1;13;18109;1-13,
2;1;7;18110;1-7,
2;1;11;18114;1-11,
0;2;7;18119;1-7,
1;2;17;18122;1-17,
1;2;5;18127;1-5,
2;1;15;18131;1-15,
0;2;3;18136;1-3,
1;0;8;18144;1-8,
1;0;3;18148;1-3,
2;1;11;18149;1-11,
1;2;8;18153;1-8,
1;0;5;18155;1-5,
2;1;10;18157;1-10,
1;2;10;18171;1-10,
2;1;11;18189;1-11,
1;0;3;18194;1-3,
1;0;5;18206;1-5,
1;2;10;18209;1-10,
0;2;4;18224;1-4,
1;0;4;18224;1-4,
1;0;4;18227;1-4,
0;2;5;18234;1-5,
2;1;11;18247;1-11,
1;2;14;18248;1-14,
2;1;9;18251;1-9,
1;2;8;18256;1-8,
2;1;14;18258;1-14,
2;1;10;18261;1-10,
0;2;5;18262;1-5,
2;1;9;18262;1-9,
1;2;8;18266;1-8,
2;1;13;18270;1-13,
0;2;12;18278;1-12,
1;2;6;18288;1-6,
1;2;9;18294;1-9,
1;0;3;18297;1-3,
1;0;2;18310;1-2,
0;2;6;18314;1-6,
1;2;11;18317;1-11,
0;2;3;18321;1-3,
1;0;11;18321;1-11,
1;0;4;18325;1-4,
1;0;2;18327;1-2,
2;1;10;18327;1-10,
1;0;6;18332;1-6,
1;0;4;18337;1-4,
1;0;9;18350;1-9,
1;0;8;18352;1-8,
0;2;6;18353;1-6,
1;2;6;18370;1-6,
1;0;1;18380;1-1,
2;1;8;18381;1-8,
0;2;1;18385;1-1,
0;2;7;18399;1-7,
2;1;16;18402;1-16,
1;0;6;18404;1-6,
2;1;10;18404;1-10,
0;2;4;18406;1-4,
0;2;9;18407;1-9,
0;2;5;18414;1-5,
1;0;5;18419;1-5,
1;0;3;18423;1-3,
1;2;7;18423;1-7,
1;2;9;18424;1-9,
0;2;3;18425;1-3,
1;2;11;18431;1-11,
1;0;2;18433;1-2,
1;2;10;18436;1-10,
1;0;8;18443;1-8,
0;2;7;18447;1-7,
2;1;13;18447;1-13,
0;2;10;18448;1-10,
1;2;15;18448;1-15,
0;2;2;18451;1-2,
0;2;4;18477;1-4,
0;2;3;18480;1-3,
1;0;2;18483;1-2,
1;0;6;18489;1-6,
1;0;4;18498;1-4,
1;2;13;18502;1-13,
2;1;9;18506;1-9,
1;0;7;18513;1-7,
0;2;2;18514;1-2,
0;2;5;18516;1-5,
1;0;6;18519;1-6,
2;1;12;18519;1-12,
0;2;2;18521;1-2,
1;2;9;18523;1-9,
2;1;7;18528;1-7,
2;1;15;18538;1-15,
0;2;9;18546;1-9,
2;1;7;18549;1-7,
2;1;7;18551;1-7,
1;0;2;18577;1-2,
2;1;6;18582;1-6,
1;2;5;18583;1-5,
2;1;11;18586;1-11,
1;0;5;18594;1-5,
1;2;2;18595;1-2,
1;0;4;18605;1-4,
1;2;5;18605;1-5,
2;1;4;18614;1-4,
1;0;6;18616;1-6,
2;1;9;18629;1-9,
1;2;12;18637;1-12,
0;2;9;18644;1-9,
1;2;14;18645;1-14,
0;2;6;18649;1-6,
0;2;9;18654;1-9,
2;1;7;18658;1-7,
1;2;12;18664;1-12,
1;0;6;18676;1-6,
0;2;6;18678;1-6,
1;0;7;18683;1-7,
0;2;7;18685;1-7,
0;2;5;18688;1-5,
1;0;4;18697;1-4,
1;0;3;18699;1-3,
1;2;10;18703;1-10,
0;2;7;18713;1-7,
0;2;6;18721;1-6,
1;0;3;18723;1-3,
1;0;6;18724;1-6,
2;1;12;18725;1-12,
2;1;17;18734;1-17,
1;2;10;18735;1-10,
1;2;9;18747;1-9,
0;2;2;18748;1-2,
2;1;9;18749;1-9,
1;2;17;18753;1-17,
0;2;3;18763;1-3,
0;2;6;18777;1-6,
1;2;7;18782;1-7,
1;2;10;18803;1-10,
1;0;6;18822;1-6,
0;2;4;18831;1-4,
2;1;15;18835;1-15,
1;0;3;18837;1-3,
2;1;12;18846;1-12,
1;0;4;18882;1-4,
2;1;8;18889;1-8,
1;2;12;18893;1-12,
1;2;10;18900;1-10,
0;2;3;18901;1-3,
1;0;3;18903;1-3,
1;0;4;18904;1-4,
1;2;13;18906;1-13,
1;2;9;18909;1-9,
0;2;7;18910;1-7,
0;2;5;18922;1-5,
1;2;10;18925;1-10,
1;0;4;18927;1-4,
1;0;3;18930;1-3,
1;2;10;18943;1-10,
1;0;2;18947;1-2,
2;1;9;18947;1-9,
0;2;3;18951;1-3,
1;0;4;18951;1-4,
0;2;8;18961;1-8,
2;1;13;18964;1-13,
2;1;3;18973;1-3,
2;1;9;18977;1-9,
1;2;16;19000;1-16,
1;2;11;19002;1-11,
1;0;5;19006;1-5,
1;0;3;19011;1-3,
1;2;10;19018;1-10,
2;1;15;19020;1-15,
1;0;4;19034;1-4,
0;2;5;19042;1-5,
2;1;11;19046;1-11,
2;1;13;19050;1-13,
1;2;8;19052;1-8,
1;2;8;19055;1-8,
1;0;6;19056;1-6,
1;0;6;19060;1-6,
2;1;6;19063;1-6,
1;2;12;19069;1-12,
1;0;3;19078;1-3,
0;2;6;19079;1-6,
1;0;7;19082;1-7,
2;1;12;19092;1-12,
1;0;3;19096;1-3,
1;2;1;19097;1-1,
2;1;6;19097;1-6,
1;0;6;19099;1-6,
2;1;11;19102;1-11,
1;2;8;19103;1-8,
2;1;15;19104;1-15,
0;2;7;19108;1-7,
1;2;10;19110;1-10,
1;0;4;19116;1-4,
1;0;2;19117;1-2,
1;0;6;19127;1-6,
2;1;6;19129;1-6,
0;2;4;19130;1-4,
2;1;10;19132;1-10,
1;2;11;19133;1-11,
1;2;15;19135;1-15,
1;2;19;19138;1-19,
1;0;4;19142;1-4,
1;0;5;19162;1-5,
1;2;8;19164;1-8,
0;2;5;19166;1-5,
2;1;7;19166;1-7,
0;2;4;19169;1-4,
1;0;5;19169;1-5,
0;2;7;19174;1-7,
0;2;3;19185;1-3,
0;2;7;19195;1-7,
2;1;8;19201;1-8,
1;0;4;19202;1-4,
0;2;4;19213;1-4,
1;0;8;19213;1-8,
1;2;14;19229;1-14,
2;1;10;19232;1-10,
0;2;3;19233;1-3,
1;0;3;19234;1-3,
1;2;8;19239;1-8,
1;0;7;19240;1-7,
2;1;12;19249;1-12,
0;2;5;19252;1-5,
2;1;21;19261;1-21,
1;0;4;19263;1-4,
2;1;8;19267;1-8,
0;2;9;19271;1-9,
2;1;7;19274;1-7,
0;2;3;19296;1-3,
1;2;6;19297;1-6,
1;2;9;19300;1-9,
1;2;12;19304;1-12,
1;0;2;19306;1-2,
1;0;5;19309;1-5,
1;0;4;19311;1-4,
2;1;12;19321;1-12,
1;0;2;19330;1-2,
0;2;2;19339;1-2,
0;2;4;19340;1-4,
0;2;5;19342;1-5,
1;2;12;19342;1-12,
1;0;2;19345;1-2,
2;1;7;19352;1-7,
1;0;7;19354;1-7,
1;0;2;19363;1-2,
0;2;4;19381;1-4,
1;2;9;19383;1-9,
1;2;14;19391;1-14,
1;0;4;19394;1-4,
2;1;8;19398;1-8,
1;2;8;19407;1-8,
1;0;1;19412;1-1,
0;2;7;19423;1-7,
0;2;5;19431;1-5,
1;2;7;19443;1-7,
1;2;8;19444;1-8,
0;2;7;19448;1-7,
1;2;9;19451;1-9,
0;2;8;19455;1-8,
1;2;7;19458;1-7,
1;2;8;19461;1-8,
0;2;5;19472;1-5,
0;2;5;19473;1-5,
1;2;7;19478;1-7,
2;1;12;19480;1-12,
1;0;4;19482;1-4,
1;0;7;19494;1-7,
1;2;10;19496;1-10,
0;2;2;19504;1-2,
2;1;11;19506;1-11,
1;2;4;19509;1-4,
2;1;9;19510;1-9,
1;2;9;19516;1-9,
2;1;5;19520;1-5,
1;2;14;19525;1-14,
1;0;2;19527;1-2,
1;0;5;19529;1-5,
1;2;17;19532;1-17,
0;2;7;19539;1-7,
2;1;12;19539;1-12,
2;1;10;19542;1-10,
2;1;7;19549;1-7,
1;2;10;19550;1-10,
1;2;12;19551;1-12,
0;2;3;19552;1-3,
1;0;10;19561;1-10,
1;0;4;19569;1-4,
2;1;10;19579;1-10,
1;0;7;19586;1-7,
0;2;8;19595;1-8,
1;2;6;19596;1-6,
1;0;6;19606;1-6,
0;2;4;19613;1-4,
2;1;13;19628;1-13,
2;1;8;19631;1-8,
2;1;9;19638;1-9,
0;2;6;19640;1-6,
2;1;11;19644;1-11,
1;2;9;19647;1-9,
2;1;15;19654;1-15,
1;2;10;19657;1-10,
0;2;6;19661;1-6,
1;2;8;19661;1-8,
1;2;7;19662;1-7,
1;0;4;19666;1-4,
1;2;14;19667;1-14,
1;2;11;19672;1-11,
1;2;8;19682;1-8,
1;0;6;19686;1-6,
2;1;11;19693;1-11,
1;2;12;19702;1-12,
0;2;3;19703;1-3,
0;2;5;19715;1-5,
1;0;3;19718;1-3,
2;1;11;19720;1-11,
0;2;3;19722;1-3,
1;2;8;19723;1-8,
1;0;2;19727;1-2,
1;2;11;19730;1-11,
2;1;13;19736;1-13,
0;2;9;19738;1-9,
1;0;12;19746;1-12,
1;2;8;19747;1-8,
2;1;14;19756;1-14,
1;2;8;19783;1-8,
0;2;3;19784;1-3,
0;2;4;19792;1-4,
0;2;5;19812;1-5,
1;0;5;19812;1-5,
2;1;7;19813;1-7,
1;2;14;19817;1-14,
1;0;5;19831;1-5,
0;2;1;19839;1-1,
2;1;8;19842;1-8,
1;0;5;19847;1-5,
1;0;5;19856;1-5,
0;2;5;19860;1-5,
2;1;11;19873;1-11,
2;1;10;19875;1-10,
1;0;4;19885;1-4,
0;2;3;19887;1-3,
2;1;10;19888;1-10,
0;2;4;19894;1-4,
1;0;3;19897;1-3,
2;1;9;19897;1-9,
1;0;3;19901;1-3,
1;0;5;19905;1-5,
2;1;6;19905;1-6,
1;2;10;19907;1-10,
1;0;2;19912;1-2,
2;1;9;19918;1-9,
1;2;10;19932;1-10,
0;2;5;19939;1-5,
2;1;7;19944;1-7,
0;2;5;19968;1-5,
1;0;4;19968;1-4,
1;0;3;19978;1-3,
0;2;4;19980;1-4,
1;0;9;19985;1-9,
0;2;4;19987;1-4,
1;2;12;19989;1-12,
1;0;6;19990;1-6,
1;0;2;19994;1-2,
1;0;1;19996;1-1,
0;2;10;19999;1-10,
0;2;4;20000;1-4,
1;0;5;20000;1-5,
 
